Date,event_id,starts,League,HomeTeam,AwayTeam,PSH,PSD,PSA,P>2.5,P<2.5
27/09/2026,1633401538,2026-09-27 14:00:00+00:00,Russia - First League,Shinnik Yaroslavl,SKA-Khabarovsk,1.8333,3.84,4.14,2.1,1.7519
27/09/2026,1636537531,2026-09-27 11:35:00+00:00,International - Friendlies,China,New Zealand,3.63,3.28,2.13,2.27,1.6329
27/09/2026,1636569838,2026-09-27 16:30:00+00:00,International - Friendlies,Malta,Liechtenstein,1.2427,5.54,13.97,2.03,1.8197
27/09/2026,1636578464,2026-09-27 20:30:00+00:00,International - Friendlies,Bolivia,Paraguay,5.94,4.25,1.5181,1.885,1.9346
28/09/2026,1636592249,2026-09-28 10:25:00+00:00,International - Friendlies,Japan,Venezuela,1.3135,4.97,8.79,1.7752,2.01
28/09/2026,1636598067,2026-09-28 11:00:00+00:00,International - Friendlies,South Korea,Uruguay,2.25,3.38,3.08,2.31,1.5917
29/09/2026,1636663144,2026-09-29 10:00:00+00:00,International - Friendlies,Australia,Brazil,8.63,5.49,1.2747,1.4444,2.62
29/09/2026,1636688812,2026-09-29 18:45:00+00:00,England - National League,Barrow,Scunthorpe United,2.09,3.69,3.14,1.7299,2.07
29/09/2026,1636688813,2026-09-29 18:45:00+00:00,England - National League,Hartlepool United,Harrogate Town,2.94,3.65,2.21,1.7634,2.02
29/09/2026,1636688814,2026-09-29 18:45:00+00:00,England - National League,Hornchurch,Aldershot Town,2.11,3.71,3.08,1.6757,2.16
29/09/2026,1636689375,2026-09-29 18:00:00+00:00,England - National League,Boreham Wood,Kidderminster Harriers,1.4878,3.93,6.77,1.5848,2.31
29/09/2026,1636689385,2026-09-29 18:45:00+00:00,England - National League,Yeovil Town,Worthing,2.12,4.01,2.9,1.4739,2.6
29/09/2026,1636689386,2026-09-29 18:45:00+00:00,England - National League,Woking,Solihull Moors,1.9346,3.72,3.55,1.5882,2.31
29/09/2026,1636709477,2026-09-29 18:45:00+00:00,England - National League,AFC Fylde,Carlisle United,2.49,3.84,2.48,1.4367,2.69
29/09/2026,1636709478,2026-09-29 18:45:00+00:00,England - National League,Halifax Town,Boston United,2.18,3.63,3.01,1.7463,2.05
29/09/2026,1636709479,2026-09-29 18:45:00+00:00,England - National League,Forest Green Rovers,Wealdstone,1.6536,4.23,4.33,1.4386,2.68
29/09/2026,1636709480,2026-09-29 18:45:00+00:00,England - National League,Gateshead,Altrincham,3.21,3.74,2.05,1.6757,2.15
27/09/2026,1636812479,2026-09-27 17:00:00+00:00,International - Friendlies,Jordan,Syria,1.5155,4.06,6.66,2.1,1.7407
29/09/2026,1636866525,2026-09-29 18:45:00+00:00,UEFA - Nations League A,Spain,Croatia,1.1869,7.24,12.33,1.495,2.58
28/09/2026,1636866901,2026-09-28 18:45:00+00:00,UEFA - Nations League A,Turkiye,Italy,2.67,3.46,2.7,1.7752,2.11
29/09/2026,1636866906,2026-09-29 18:45:00+00:00,UEFA - Nations League A,Czechia,England,6.98,4.78,1.4184,1.7353,2.11
28/09/2026,1636866925,2026-09-27 23:00:00+00:00,USA - Major League Soccer,Columbus Crew,Inter Miami,2.81,4.17,2.25,1.3846,3.1
28/09/2026,1636866937,2026-09-28 18:45:00+00:00,UEFA - Nations League B,Romania,Bosnia and Herzegovina,2.21,3.36,3.34,2.06,1.813
29/09/2026,1636866940,2026-09-29 18:45:00+00:00,UEFA - Nations League C,Bulgaria,Estonia,1.6623,3.51,5.74,2.38,1.5714
28/09/2026,1636867946,2026-09-28 18:45:00+00:00,UEFA - Nations League A,Belgium,France,3.73,4.06,1.9259,1.5263,2.61
28/09/2026,1636867977,2026-09-28 18:45:00+00:00,UEFA - Nations League B,Sweden,Poland,1.9091,3.82,3.76,1.6944,2.19
29/09/2026,1636867980,2026-09-29 18:45:00+00:00,UEFA - Nations League C,Luxembourg,Iceland,3.12,3.3,2.32,2.12,1.7143
29/09/2026,1636867984,2026-09-29 18:45:00+00:00,UEFA - Nations League B,Slovenia,North Macedonia,1.6623,3.66,5.53,2.27,1.6329
29/09/2026,1636867985,2026-09-29 18:45:00+00:00,UEFA - Nations League B,Scotland,Switzerland,4.01,3.55,1.9174,2.1,1.7407
28/09/2026,1636868415,2026-09-28 18:45:00+00:00,UEFA - Nations League B,Northern Ireland,Hungary,2.68,3.03,2.9,2.58,1.5155
28/09/2026,1636868416,2026-09-28 16:00:00+00:00,UEFA - Nations League C,Armenia,Montenegro,2.97,3.1,2.53,2.32,1.6135
28/09/2026,1636887066,2026-09-27 23:05:00+00:00,Colombia - Primera A,Fortaleza CEIF,Deportes Tolima,3.21,3.27,2.29,2.16,1.6993
28/09/2026,1636896127,2026-09-27 21:00:00+00:00,Colombia - Primera A,Jaguares de Cordoba,Alianza Valledupar,2.22,3.17,3.47,2.23,1.6579
28/09/2026,1636918709,2026-09-28 01:10:00+00:00,Colombia - Primera A,Deportivo Cali,Aguilas Doradas,1.813,3.36,4.81,2.24,1.6536
27/09/2026,1636963270,2026-09-27 09:30:00+00:00,Russia - First League,Ufa,Torpedo Moscow,4.1,3.29,2.01,2.37,1.5988
28/09/2026,1637012466,2026-09-27 21:00:00+00:00,El Salvador - Primera Division,Alianza,Inca,1.3984,4.43,6.61,1.578,2.27
27/09/2026,1637113321,2026-09-27 18:00:00+00:00,Mexico - Liga MX,Pumas UNAM,Atletico San Luis,2.01,3.75,3.69,1.7519,2.16
27/09/2026,1637113346,2026-09-27 15:00:00+00:00,Greece - Super League 2,Panserraikos,Olympiakos II,1.108,6.38,15.14,1.4975,2.29
27/09/2026,1637119140,2026-09-27 10:00:00+00:00,Korea Republic - K League 1,Gangwon FC,Incheon United,2.25,3.25,3.55,2.51,1.5682
27/09/2026,1637136176,2026-09-27 08:15:00+00:00,Czech Republic - 3. Liga,Dukla Prague II,Bohemians 1905 II,2.04,4.13,2.77,,
27/09/2026,1637136177,2026-09-27 08:15:00+00:00,Czech Republic - 3. Liga,Jablonec II,Hradec Kralove II,1.9346,3.26,3.72,1.6369,2.2
27/09/2026,1637136185,2026-09-27 08:30:00+00:00,Slovakia - 2. Liga,Slovan Bratislava II,Tatran Presov,2.51,3.59,2.49,1.7042,2.13
27/09/2026,1637136188,2026-09-27 08:30:00+00:00,Slovakia - 2. Liga,Malzenice,Tatran Liptovsky Mikulas,2.87,3.5,2.25,1.6289,2.26
27/09/2026,1637137657,2026-09-27 08:15:00+00:00,Czech Republic - 3. Liga,Havirov,Unicov,4.12,4.51,1.5917,1.5682,2.29
27/09/2026,1637137679,2026-09-27 09:30:00+00:00,Spain - Tercera Division,Minerva,Olimpico de Totana,3.88,3.19,1.9174,2.23,1.6211
27/09/2026,1637137691,2026-09-27 10:00:00+00:00,Spain - Segunda Federacion,Poblense,Valencia Mestalla,2.3,3.33,2.92,2.12,1.7092
27/09/2026,1637137698,2026-09-27 10:00:00+00:00,Sweden - Division 1 Norra,Umea,FBK Karlstad,2.58,3.53,2.46,1.6173,2.24
27/09/2026,1637137708,2026-09-27 11:00:00+00:00,Sweden - Damallsvenskan,Rosengard,Pitea IF,1.9901,3.48,3.31,1.8,1.9901
27/09/2026,1637137709,2026-09-27 11:00:00+00:00,Spain - Segunda Federacion,Las Palmas Atletico,Badajoz,2.37,3.12,2.87,1.9709,1.8197
27/09/2026,1637137712,2026-09-27 11:00:00+00:00,Scotland - Premier League Women,Rangers,Celtic,2.01,3.44,3.16,1.5376,2.31
27/09/2026,1637143658,2026-09-27 09:00:00+00:00,Japan - Football League,Honda,YSCC Yokohama,1.6711,3.95,4.16,1.641,2.2
27/09/2026,1637143662,2026-09-27 09:30:00+00:00,Spain - Segunda Federacion,Cieza,Atletico Baleares,2.61,3.03,2.74,2.24,1.641
27/09/2026,1637143678,2026-09-27 09:45:00+00:00,Spain - Tercera Division,Fundacio Esportiva Grama,Vilassar de Mar,1.7042,3.41,4.73,2.1,1.6944
27/09/2026,1637143684,2026-09-27 10:00:00+00:00,Spain - Primera Federacion,Barakaldo,Real Aviles,1.9009,3.45,3.81,1.9346,1.885
27/09/2026,1637143685,2026-09-27 10:00:00+00:00,FIFA - ASEAN Cup Division 2,Cambodia,Myanmar,2.38,3.83,2.44,1.6173,2.24
27/09/2026,1637143686,2026-09-27 10:00:00+00:00,Spain - Segunda Federacion,Mijas-Las Lagunas,Tamaraceite,1.885,3.24,4.19,2.06,1.7519
27/09/2026,1637143687,2026-09-27 10:00:00+00:00,Spain - Segunda Federacion,Atletico Albacete,Atletico Paso,1.9615,3.25,3.82,2.09,1.7299
27/09/2026,1637143688,2026-09-27 10:00:00+00:00,Spain - Segunda Federacion,Real Oviedo II,Gimnastica de Torrelavega,1.813,3.4,4.3,2.04,1.7937
27/09/2026,1637143690,2026-09-27 16:00:00+00:00,Spain - Segunda Federacion,Utebo,Reus Reddis,2.18,3.2,3.13,2.13,1.6803
27/09/2026,1637143698,2026-09-27 10:30:00+00:00,Italy - Serie A Women,Ternana,Como,2.91,3.27,2.26,1.9804,1.813
27/09/2026,1637143699,2026-09-27 10:30:00+00:00,Italy - Serie C Group C,Barletta,Potenza,2.62,3.27,2.56,1.813,2.0
27/09/2026,1637143700,2026-09-27 10:30:00+00:00,Italy - Serie C Group C,Casertana,Catania,2.94,3.09,2.41,2.08,1.7246
27/09/2026,1637143702,2026-09-27 11:00:00+00:00,Sweden - Division 1 Norra,Arlanda,Enkopings,1.7937,3.96,3.54,1.4608,2.56
27/09/2026,1637143703,2026-09-27 11:00:00+00:00,Sweden - Division 1 Sodra,Eskilsminne,AFC Malmo,3.07,3.88,1.9615,1.4831,2.5
27/09/2026,1637143706,2026-09-27 11:00:00+00:00,Norway - 2nd Division,Traeff,Kvik Halden,2.24,3.39,2.86,1.5952,2.24
27/09/2026,1637143707,2026-09-27 11:00:00+00:00,Italy - Serie A Women,Internazionale,Fiorentina,1.6897,3.84,4.16,1.7299,2.05
27/09/2026,1637143708,2026-09-27 11:00:00+00:00,Denmark - Elitedivisionen Women,Midtjylland,FC Copenhagen,1.3401,5.2,5.97,,
27/09/2026,1637143719,2026-09-27 12:00:00+00:00,Spain - Segunda Division,Real Valladolid,Cordoba,2.44,3.46,2.99,1.8547,2.04
27/09/2026,1637143720,2026-09-27 12:00:00+00:00,England - Women Super League,Manchester United,West Ham United,1.578,4.36,4.63,1.6211,2.25
27/09/2026,1637143722,2026-09-27 12:00:00+00:00,Norway - 2nd Division,Eidsvold,Trygg/Lade,1.094,9.22,14.6,,
27/09/2026,1637143725,2026-09-27 12:00:00+00:00,Germany - Regionalliga West,Rot Weiss Oberhausen,Rodinghausen,1.4831,4.26,5.46,1.5556,2.32
27/09/2026,1637143741,2026-09-27 13:00:00+00:00,Belgium - First Amateur Division,Oud-Heverlee Leuven II,Lyra-Lierse Berlaar,1.7519,3.99,3.69,,
27/09/2026,1637143742,2026-09-27 13:00:00+00:00,England - Women Super League 2,Southampton,Nottingham Forest,2.33,3.35,2.65,1.9009,1.8547
27/09/2026,1637143743,2026-09-27 13:00:00+00:00,England - Women Super League 2,Sheffield United,Durham,2.36,3.94,2.34,1.5236,2.35
27/09/2026,1637143744,2026-09-27 13:00:00+00:00,England - Women Super League,Birmingham City,Crystal Palace,1.7576,3.64,4.28,1.8264,1.9804
27/09/2026,1637143751,2026-09-27 13:00:00+00:00,Wales - Premier Womens League,Briton Ferry Llansawel,Wrexham,7.94,6.17,1.1869,,
27/09/2026,1637145946,2026-09-27 09:00:00+00:00,Japan - Football League,Iwate Grulla Morioka,Maruyasu Okazaki,2.29,3.31,2.84,1.9434,1.8475
27/09/2026,1637145961,2026-09-27 09:30:00+00:00,Spain - Segunda Federacion,Pena Deportiva,Real Murcia Imperial,1.5988,3.73,5.43,1.9901,1.8333
27/09/2026,1637145962,2026-09-27 09:30:00+00:00,Spain - Segunda Federacion,Atletico Madrid III,Real Madrid III,2.29,3.89,2.61,1.5714,2.33
27/09/2026,1637145963,2026-09-27 09:30:00+00:00,Spain - Segunda Federacion,La Nucia,Mallorca II,1.6849,3.35,5.36,2.32,1.5988
27/09/2026,1637145979,2026-09-27 10:00:00+00:00,Spain - Primera Division Women,Athletic Bilbao,Atletico Madrid,3.59,3.35,1.9901,1.8197,2.01
27/09/2026,1637145981,2026-09-27 10:00:00+00:00,Spain - Primera Division Women,Valencia,Tenerife,4.39,3.3,1.8264,2.21,1.6536
27/09/2026,1637145982,2026-09-27 10:00:00+00:00,Spain - Segunda Federacion,UCAM Murcia,Intercity,1.885,3.3,4.07,2.04,1.7692
27/09/2026,1637145983,2026-09-27 10:00:00+00:00,Spain - Segunda Federacion,Tenerife II,Estepona,2.28,3.18,3.08,1.8696,1.9524
27/09/2026,1637145984,2026-09-27 10:00:00+00:00,Spain - Tercera Division,l`Hospitalet,Cerdanyola del Valles,1.565,3.76,5.35,1.8403,1.9524
27/09/2026,1637145985,2026-09-27 10:00:00+00:00,Spain - Tercera Division,Portuense,Chiclana,1.5917,3.46,5.72,2.3,1.5848
27/09/2026,1637145988,2026-09-27 10:00:00+00:00,Spain - Tercera Division,CE Europa II,Montanesa,2.33,2.97,3.07,2.14,1.6757
27/09/2026,1637145992,2026-09-27 10:15:00+00:00,Netherlands - Eredivisie Women,AZ Alkmaar,FC Twente,8.48,5.76,1.2421,,
27/09/2026,1637145994,2026-09-27 10:30:00+00:00,Spain - Segunda Federacion,Llanera,Rayo Cantabria,2.42,3.37,2.62,1.8197,1.9804
27/09/2026,1637146000,2026-09-27 11:00:00+00:00,Sweden - Division 1 Sodra,Trelleborgs,Angelholms,1.3953,4.76,6.02,1.5208,2.4
27/09/2026,1637146002,2026-09-27 11:00:00+00:00,Norway - 2nd Division,Arendal,Brattvag,2.76,3.67,2.19,1.4975,2.46
27/09/2026,1637146004,2026-09-27 11:00:00+00:00,Denmark - 2nd Division,Naestved,Middelfart,2.23,3.3,2.94,1.8621,1.9259
27/09/2026,1637146019,2026-09-27 12:00:00+00:00,Switzerland - 1. Liga Classic,Widnau,Freienbach,2.72,3.57,2.19,1.5376,2.31
27/09/2026,1637146023,2026-09-27 12:00:00+00:00,Scotland - Premier League Women,Partick Thistle,Montrose,1.7813,3.81,2.98,1.4926,2.23
27/09/2026,1637146035,2026-09-27 12:30:00+00:00,Netherlands - Eerste Divisie,De Graafschap,Den Bosch,2.26,3.86,2.87,1.2778,3.67
27/09/2026,1637146037,2026-09-27 12:30:00+00:00,Norway - 2nd Division,Eik Tonsberg,Bjarg,5.7,6.53,1.2994,,
27/09/2026,1637146039,2026-09-27 12:30:00+00:00,Italy - Serie C Group B,Ostiamare,Forli,2.24,3.39,2.98,1.7576,2.03
27/09/2026,1637146446,2026-09-27 11:00:00+00:00,Sweden - Damallsvenskan,Brommapojkarna,Malmo,6.9,4.7,1.3623,1.4425,2.62
27/09/2026,1637146448,2026-09-27 11:00:00+00:00,China - League One,Shaanxi Union,Dalian K'un City,1.8403,3.57,3.93,1.7194,2.09
27/09/2026,1637146463,2026-09-27 12:00:00+00:00,Norway - 2nd Division,Lorenskog,Skeid,2.12,3.66,2.88,1.5291,2.38
27/09/2026,1637146473,2026-09-27 12:30:00+00:00,Croatia - Prva NL,Segesta Sisak,Karlovac 1919,1.625,3.77,4.45,1.7634,1.9709
27/09/2026,1637146475,2026-09-27 12:30:00+00:00,Italy - Serie C Group A,Brescia,Dolomiti Bellunesi,1.3704,4.33,8.56,2.02,1.7634
27/09/2026,1637146477,2026-09-27 12:30:00+00:00,Italy - Serie C Group B,Ravenna,Gubbio,1.3676,4.62,7.71,1.7634,2.03
27/09/2026,1637146487,2026-09-27 13:00:00+00:00,Belgium - First Amateur Division,Cercle Brugge II,KVK Tienen,1.8772,3.57,3.58,1.6024,2.22
27/09/2026,1637146488,2026-09-27 13:00:00+00:00,England - Women Super League 2,Ipswich Town,Wolverhampton,2.19,3.37,2.84,1.7463,2.0
27/09/2026,1637146489,2026-09-27 13:00:00+00:00,England - Women Super League 2,Watford,Sunderland,5.71,4.48,1.3584,1.4202,2.52
27/09/2026,1637146490,2026-09-27 13:00:00+00:00,England - Women Super League,Liverpool,Everton,1.8475,3.48,3.98,1.9709,1.8333
27/09/2026,1637146492,2026-09-27 15:00:00+00:00,Scotland - Premier League Women,Motherwell,Spartans,1.885,3.84,3.17,1.5848,2.21
27/09/2026,1637146499,2026-09-27 13:00:00+00:00,Italy - Serie A Women,Sassuolo,Roma,6.82,5.0,1.3425,1.5747,2.28
27/09/2026,1637146500,2026-09-27 13:00:00+00:00,Germany - Regionalliga North,Bremer,Weiche Flensburg,3.26,4.34,1.8,1.3953,2.8
27/09/2026,1637146505,2026-09-27 13:00:00+00:00,Finland - Kakkonen Group C,TP-47,SJK Akatemia II,2.02,4.07,2.74,,
27/09/2026,1637146544,2026-09-27 14:00:00+00:00,Spain - Primera Division Women,Sevilla,Eibar,1.7576,3.32,4.49,2.34,1.5435
27/09/2026,1637146545,2026-09-27 14:00:00+00:00,Spain - Primera Federacion,Mirandes,Unionistas de Salamanca,1.4587,4.08,6.23,1.7692,2.0
27/09/2026,1637148464,2026-09-27 13:00:00+00:00,England - Women Super League,Tottenham Hotspur,Aston Villa,1.4739,4.39,5.82,1.4854,2.52
27/09/2026,1637148465,2026-09-27 13:00:00+00:00,England - Women Super League 2,Newcastle United,Leicester City,1.5587,3.93,4.77,1.6803,2.09
27/09/2026,1637148492,2026-09-27 13:30:00+00:00,Spain - Segunda Federacion,Eibar II,Compostela,1.7692,3.38,4.34,2.04,1.7353
27/09/2026,1637148494,2026-09-27 13:30:00+00:00,Czech Republic - 3. Liga,Polanka nad Odrou,Frydek Mistek,5.64,4.13,1.4566,1.813,1.9524
27/09/2026,1637148514,2026-09-27 14:00:00+00:00,Sweden - Division 1 Norra,Gefle,Vasalunds,2.27,3.46,2.76,1.6944,2.11
27/09/2026,1637148515,2026-09-27 14:00:00+00:00,Spain - Primera Federacion,CE Europa,Rayo Majadahonda,2.13,3.14,3.28,2.21,1.6329
27/09/2026,1637148516,2026-09-27 14:00:00+00:00,Brazil - Serie B,Criciuma,Avai,1.7463,3.42,5.63,2.57,1.5348
27/09/2026,1637148520,2026-09-27 14:00:00+00:00,Croatia - Prva NL,Croatia Zmijavci,Sesvete,2.41,3.2,2.65,2.36,1.5181
27/09/2026,1637148534,2026-09-27 14:15:00+00:00,Spain - Segunda Division,Mallorca,Almeria,2.14,3.21,3.93,2.05,1.8475
27/09/2026,1637148783,2026-09-27 13:00:00+00:00,Wales - Premier Womens League,Cardiff Metropolitan,Aberystwyth Town,1.9709,3.55,2.98,1.4717,2.4
27/09/2026,1637148812,2026-09-27 14:00:00+00:00,Sweden - Division 1 Norra,IF Karlstad,Karlbergs,1.5814,4.07,4.65,1.6993,2.1
27/09/2026,1637148817,2026-09-27 14:00:00+00:00,Switzerland - Promotion League,Bellinzona,Breitenrain,2.11,3.73,2.86,1.5435,2.35
27/09/2026,1637148819,2026-09-27 14:00:00+00:00,Croatia - Prva NL,Opatija,Vukovar,2.33,3.07,2.86,2.14,1.6494
27/09/2026,1637148845,2026-09-27 14:30:00+00:00,Czech Republic - 3. Liga,Zapy,Banik Most-Sous,1.7143,3.72,3.93,1.6623,2.12
27/09/2026,1637148847,2026-09-27 14:30:00+00:00,Ireland - FAI Cup Women,Shelbourne,Athlone Town,2.22,3.66,2.45,1.5848,2.17
27/09/2026,1637151313,2026-09-27 14:00:00+00:00,Norway - 2nd Division,Levanger,Grorud,1.885,3.43,3.71,1.4926,2.48
27/09/2026,1637151326,2026-09-27 14:00:00+00:00,Iceland - Urvalsdeild Women,Throttur Reykjavik,Stjarnan,2.3,3.74,2.57,1.5181,2.41
27/09/2026,1637151349,2026-09-27 14:45:00+00:00,Netherlands - Eredivisie Women,Heerenveen,Utrecht,2.01,3.58,3.16,1.4902,2.48
27/09/2026,1637151373,2026-09-27 15:00:00+00:00,Spain - Segunda Federacion,Marino de Luanco,Basconia,2.9,2.96,2.45,2.04,1.7407
27/09/2026,1637151374,2026-09-27 15:00:00+00:00,Spain - Segunda Federacion,Girona II,Osasuna II,2.25,3.45,2.8,2.06,1.7246
27/09/2026,1637151378,2026-09-27 15:00:00+00:00,Spain - Segunda Federacion,Naxara,Barbastro,3.21,3.07,2.2,2.25,1.6135
27/09/2026,1637151400,2026-09-27 15:30:00+00:00,England - Women Super League,Chelsea,Arsenal,2.42,3.45,2.66,1.6897,2.13
27/09/2026,1637151405,2026-09-27 15:30:00+00:00,Italy - Serie C Group C,Scafatese,Team Altamura,2.16,2.89,3.72,2.29,1.6024
27/09/2026,1637151406,2026-09-27 15:30:00+00:00,Italy - Serie C Group A,Renate,Treviso,2.32,3.1,3.09,2.06,1.7353
27/09/2026,1637152100,2026-09-27 15:00:00+00:00,Spain - Segunda Federacion,SD Logrones,Olot,2.4,2.84,3.1,2.66,1.431
27/09/2026,1637152102,2026-09-27 15:00:00+00:00,Spain - Segunda Federacion,Salamanca UDS,RSD Alcala SAD,2.14,3.12,3.3,2.03,1.7463
27/09/2026,1637152103,2026-09-27 15:00:00+00:00,Spain - Segunda Federacion,Talavera,Real Valladolid Promesas,2.01,3.18,3.57,2.01,1.7874
27/09/2026,1637152104,2026-09-27 15:00:00+00:00,Spain - Segunda Federacion,Bergantinos,Club Portugalete,2.22,2.96,3.28,2.27,1.6024
27/09/2026,1637152107,2026-09-27 15:00:00+00:00,Spain - Segunda Federacion,Calamocha,Tudelano,3.06,3.01,2.31,2.27,1.6024
27/09/2026,1637152108,2026-09-27 15:00:00+00:00,Spain - Segunda Federacion,Real Avila,Getafe II,2.19,3.0,3.3,2.16,1.6623
27/09/2026,1637152109,2026-09-27 15:00:00+00:00,Spain - Segunda Federacion,Coruxo,Gernika,2.03,2.89,3.94,2.34,1.5464
27/09/2026,1637152133,2026-09-27 15:30:00+00:00,Italy - Serie C Group B,Perugia,Reggiana,3.54,3.23,2.03,2.12,1.6849
27/09/2026,1637152134,2026-09-27 15:30:00+00:00,Italy - Serie C Group A,Carpi,Arzignano Valchiampo,2.82,3.03,2.55,2.17,1.6667
27/09/2026,1637152157,2026-09-27 16:00:00+00:00,Spain - Primera Division Women,Deportivo La Coruna,Espanyol,2.07,3.07,3.53,2.35,1.5435
27/09/2026,1637152158,2026-09-27 16:00:00+00:00,Spain - Segunda Federacion,Calvo Sotelo Puertollano,Tordesillas,1.9091,3.23,3.86,2.07,1.7143
27/09/2026,1637152159,2026-09-27 16:00:00+00:00,Spain - Segunda Federacion,Navalcarnero,Conquense,2.86,2.77,2.63,2.44,1.5076
27/09/2026,1637152160,2026-09-27 16:00:00+00:00,Spain - Tercera Division,Badalona,San Cristobal,1.5051,3.81,5.58,1.9091,1.8403
27/09/2026,1637152161,2026-09-27 16:00:00+00:00,Portugal - Nacional Championship Women,Torreense,Maritimo,1.056,8.47,11.4,,
27/09/2026,1637152172,2026-09-27 16:15:00+00:00,Spain - Primera Federacion,Merida,UD Logrones,2.35,3.17,2.85,2.14,1.6711
27/09/2026,1637152178,2026-09-27 16:30:00+00:00,Croatia - Prva NL,Cibalia Vinkovci,Dugopolje,2.27,2.99,3.04,2.16,1.6369
27/09/2026,1637152182,2026-09-27 17:00:00+00:00,Spain - Primera Federacion,Teruel,Huesca,4.31,2.9,1.9434,2.54,1.4695
27/09/2026,1637152183,2026-09-27 17:00:00+00:00,Spain - Segunda Federacion,Antoniano,Ciudad de Lucena,2.38,2.69,3.33,2.36,1.5376
27/09/2026,1637152184,2026-09-27 17:00:00+00:00,Spain - Segunda Federacion,Atletico Central,Sevilla II,3.04,2.92,2.38,2.26,1.6061
27/09/2026,1637154225,2026-09-27 15:00:00+00:00,Spain - Segunda Federacion,Espanyol II,Arnedo,1.2513,5.33,9.78,1.6579,2.16
27/09/2026,1637154227,2026-09-27 15:00:00+00:00,Spain - Segunda Federacion,Arosa,Alaves II,2.31,3.19,2.9,2.07,1.7194
27/09/2026,1637154240,2026-09-27 15:10:00+00:00,Scotland - Premier League Women,Hearts,Glasgow City,2.66,3.39,2.31,1.6369,2.16
27/09/2026,1637154257,2026-09-27 15:30:00+00:00,Italy - Serie C Group B,Vis Pesaro,Guidonia Montecelio,3.75,3.02,2.08,2.05,1.7463
27/09/2026,1637154271,2026-09-27 16:00:00+00:00,Spain - Segunda Federacion,Alcoyano,Minera,2.06,2.86,3.88,2.61,1.4484
27/09/2026,1637154277,2026-09-27 16:15:00+00:00,Spain - Primera Federacion,Pontevedra,Ponferradina,2.11,2.88,3.69,2.54,1.4717
27/09/2026,1637154283,2026-09-27 17:00:00+00:00,Spain - Tercera Division,Union Molinense,Mazarron,2.48,2.44,3.42,2.34,1.5464
27/09/2026,1637154302,2026-09-27 18:00:00+00:00,Arabian Gulf Cup,Bahrain,United Arab Emirates,5.62,3.76,1.6369,2.31,1.6289
27/09/2026,1637154307,2026-09-27 18:30:00+00:00,Italy - Serie C Group C,Casarano,Monopoli,2.41,3.13,2.92,1.9091,1.8929
27/09/2026,1637154310,2026-09-27 19:00:00+00:00,Guatemala - Liga Nacional,Coban Imperial,Aurora FC,1.641,3.58,4.9,1.9346,1.8475
27/09/2026,1637154311,2026-09-27 19:00:00+00:00,Uruguay - Segunda Division,Cerrito,La Luz,2.19,3.02,3.29,2.29,1.5917
27/09/2026,1637154313,2026-09-27 19:00:00+00:00,Argentina - Primera B Nacional,Patronato,San Martin de San Juan,2.83,2.65,3.14,3.06,1.3731
27/09/2026,1637154781,2026-09-27 15:55:00+00:00,Arabian Gulf Cup,Yemen,Qatar,9.07,5.98,1.2717,1.5814,2.37
27/09/2026,1637154793,2026-09-27 16:00:00+00:00,Spain - Segunda Federacion,Puente Genil,Marbella,2.67,2.81,2.77,2.12,1.6849
27/09/2026,1637154794,2026-09-27 15:30:00+00:00,Norway - 2nd Division,Honefoss,Tromsdalen,1.6803,4.39,3.72,,
27/09/2026,1637154796,2026-09-27 16:00:00+00:00,Uruguay - Segunda Division,Atenas,Plaza Colonia,2.62,2.89,2.75,2.45,1.5
27/09/2026,1637154807,2026-09-27 16:30:00+00:00,Spain - Segunda Division,Burgos,Eldense,2.14,3.18,3.95,2.34,1.6536
27/09/2026,1637154808,2026-09-27 16:30:00+00:00,Spain - Segunda Division,Eibar,Las Palmas,1.9009,3.41,4.64,1.9174,1.9709
27/09/2026,1637154814,2026-09-27 17:00:00+00:00,Spain - Segunda Federacion,Recreativo Huelva,Xerez,1.8,3.12,4.62,2.49,1.4878
27/09/2026,1637154816,2026-09-27 17:00:00+00:00,Spain - Segunda Federacion,Lorca Deportiva,Castellonense,1.9259,2.98,4.22,2.34,1.5464
27/09/2026,1637154831,2026-09-27 18:30:00+00:00,Italy - Serie C Group B,Pescara,Spezia,2.8,3.34,2.37,1.7092,2.11
27/09/2026,1637154833,2026-09-27 19:00:00+00:00,Spain - Segunda Division,Real Oviedo,Sporting Gijon,2.09,3.18,4.15,2.54,1.5556
27/09/2026,1637154834,2026-09-27 19:00:00+00:00,Brazil - Serie B,CRB,Cuiaba,2.06,3.38,3.86,2.21,1.7042
27/09/2026,1637154836,2026-09-27 19:00:00+00:00,Colombia - Primera B,Envigado,Atletico Cali,1.4032,4.21,7.86,1.9434,1.8621
28/09/2026,1637154864,2026-09-27 21:00:00+00:00,USA - National Womens Soccer League,Bay FC,Orlando Pride,2.21,3.51,2.82,1.5917,2.25
28/09/2026,1637154865,2026-09-27 21:00:00+00:00,El Salvador - Primera Division,CD Platense,Fuerte San Francisco,1.9346,3.29,3.68,1.9174,1.8696
27/09/2026,1637155055,2026-09-27 18:00:00+00:00,Canada - Premier League,Inter Toronto,Pacific,1.7692,3.96,3.63,1.5155,2.42
27/09/2026,1637155057,2026-09-27 18:00:00+00:00,Morocco - Botola Pro,Maghreb Fes,Renaissance Zemamra,1.9091,3.04,4.18,2.56,1.463
27/09/2026,1637155060,2026-09-27 18:30:00+00:00,Spain - Primera Federacion,Real Madrid Castilla,Alcorcon,1.9524,3.18,3.75,1.9709,1.8264
27/09/2026,1637155061,2026-09-27 18:30:00+00:00,Italy - Serie C Group A,Albinoleffe,Alcione,2.16,3.04,3.48,2.28,1.6061
27/09/2026,1637155062,2026-09-27 18:30:00+00:00,Italy - Serie C Group C,Foggia,Sorrento,2.11,3.0,3.69,2.27,1.6135
27/09/2026,1637155072,2026-09-27 19:30:00+00:00,Argentina - Primera B Nacional,Deportivo Maipu,Temperley,2.05,3.15,4.06,2.6,1.5025
27/09/2026,1637155075,2026-09-27 20:00:00+00:00,Morocco - Botola Pro,KAC Marrakech,Hassania Agadir,2.48,2.61,3.27,2.67,1.4274
27/09/2026,1637155077,2026-09-27 20:00:00+00:00,Argentina - Primera B Nacional,Racing de Cordoba,Godoy Cruz,3.22,2.83,2.59,2.86,1.4202
28/09/2026,1637155080,2026-09-27 21:00:00+00:00,Guatemala - Liga Nacional,Deportivo Mixco,Antigua GFC,2.3,2.86,3.26,1.7519,2.02
28/09/2026,1637155081,2026-09-27 21:00:00+00:00,Panama - Primera Division,Union Cocle,Plaza Amador,5.02,3.75,1.5952,1.8621,1.9259
28/09/2026,1637155112,2026-09-27 21:30:00+00:00,Brazil - Serie B,Fortaleza,Athletic Club,1.5714,3.91,6.33,2.07,1.7874
28/09/2026,1637155135,2026-09-27 23:00:00+00:00,USA - USL League One,One Knoxville,Westchester SC,1.6667,3.96,4.16,1.5435,2.35
28/09/2026,1637155247,2026-09-28 03:10:00+00:00,Mexico - Liga MX,Necaxa,Club America,3.83,3.86,1.9259,1.7042,2.21
28/09/2026,1637155248,2026-09-28 01:00:00+00:00,Mexico - Liga MX,Club Leon,FC Juarez,1.5714,4.3,5.72,1.6173,2.37
28/09/2026,1637155297,2026-09-27 23:00:00+00:00,USA - National Womens Soccer League,Utah Royals,North Carolina Courage,1.9434,3.76,3.2,1.5464,2.34
28/09/2026,1637155298,2026-09-27 23:00:00+00:00,El Salvador - Primera Division,Municipal Limeno,FAS,2.84,3.2,2.35,1.885,1.9009
28/09/2026,1637155306,2026-09-28 00:06:00+00:00,Mexico - Liga MX Women,Tigres UANL,Atletico San Luis,1.068,12.65,17.54,,
28/09/2026,1637155317,2026-09-28 00:00:00+00:00,Argentina - Primera B Nacional,Gimnasia Jujuy,San Martin de Tucuman,2.14,3.16,3.67,2.14,1.7092
27/09/2026,1637155318,2026-09-27 19:30:00+00:00,Argentina - Primera B Nacional,Ferrocarril Midland,Tristan Suarez,2.3,2.7,4.09,3.24,1.3378
28/09/2026,1637155319,2026-09-27 21:00:00+00:00,Argentina - Primera B Nacional,Gimnasia y Tiro,Atletico de Rafaela,2.22,2.77,4.08,3.01,1.3745
27/09/2026,1637155599,2026-09-27 18:00:00+00:00,Argentina - Primera B Metropolitana,Villa Dalmine,UAI Urquiza,1.6211,3.22,5.59,2.51,1.4608
27/09/2026,1637155606,2026-09-27 18:00:00+00:00,Argentina - Primera B Metropolitana,Argentino de Quilmes,Club Comunicaciones,2.92,2.55,2.7,3.12,1.3086
28/09/2026,1637155607,2026-09-27 21:30:00+00:00,Brazil - Serie C,Brusque,Ferroviaria SP,2.56,2.83,2.87,2.13,1.6803
27/09/2026,1637155609,2026-09-27 20:00:00+00:00,Argentina - Cup,Racing Club,Boca Juniors,4.45,3.06,1.9009,2.63,1.4484
28/09/2026,1637155634,2026-09-27 23:00:00+00:00,Uruguay - Segunda Division,Huracan FC,Miramar Misiones,2.2,3.16,3.12,2.16,1.6623
27/09/2026,1637155654,2026-09-27 18:30:00+00:00,Argentina - Primera B Nacional,Almagro,Nueva Chicago,2.39,2.75,3.74,3.11,1.3636
27/09/2026,1637155656,2026-09-27 18:30:00+00:00,Argentina - Primera B Nacional,CA Atlanta,Agropecuario,1.8929,3.18,4.74,2.69,1.4739
27/09/2026,1637155657,2026-09-27 19:00:00+00:00,Argentina - Primera B Nacional,Club Atletico Mitre,San Telmo,1.8197,3.17,5.32,2.65,1.4878
27/09/2026,1637157147,2026-09-27 18:30:00+00:00,Argentina - Primera B Nacional,Defensores de Belgrano,Ferro Carril Oeste,2.94,2.6,3.09,3.67,1.277
27/09/2026,1637157149,2026-09-27 18:30:00+00:00,Argentina - Primera B Nacional,Los Andes,Deportivo Moron,2.64,2.76,3.24,3.27,1.3344
27/09/2026,1637158402,2026-09-27 15:00:00+00:00,Spain - Tercera Division,Castro,Atletico Mineros,1.5263,3.78,5.38,1.8197,1.9346
27/09/2026,1637159071,2026-09-27 15:00:00+00:00,Spain - Tercera Division,Tropezon,Revilla,1.4132,4.12,6.44,1.8696,1.885
27/09/2026,1637159109,2026-09-27 10:00:00+00:00,Spain - Tercera Division,Subiza,Cirbonero,1.6667,3.7,4.51,1.7519,2.02
28/09/2026,1637159113,2026-09-28 18:30:00+00:00,Spain - Segunda Division,Leganes,Castellon,3.17,3.34,2.3,1.9174,1.9346
27/09/2026,1637165065,2026-09-27 15:30:00+00:00,Spain - Tercera Division,Utiel,CD Roda,2.21,2.87,3.28,2.42,1.495
27/09/2026,1637165077,2026-09-27 14:30:00+00:00,Spain - Tercera Division,Algar,Deportivo Maritimo,3.54,3.12,1.9901,2.08,1.6849
27/09/2026,1637165312,2026-09-27 10:00:00+00:00,Spain - Tercera Division,L Escala,FC Martinenc,2.07,3.18,3.39,2.0,1.8
27/09/2026,1637165516,2026-09-27 09:30:00+00:00,Spain - Tercera Division,Torrellano,Vall de Uxo,2.72,2.95,2.6,2.48,1.4926
27/09/2026,1637171557,2026-09-27 13:00:00+00:00,England - National League Cup Women,Kidderminster,Cheltenham Town,3.21,3.73,1.8264,1.5291,2.27
27/09/2026,1637171559,2026-09-27 13:00:00+00:00,England - National League Cup Women,Derby County,Stockport County,1.3268,4.95,5.83,1.3774,2.7
27/09/2026,1637171560,2026-09-27 13:00:00+00:00,England - National League Cup Women,Norwich City,Stevenage,1.4831,4.26,4.58,,
27/09/2026,1637171578,2026-09-27 09:30:00+00:00,Spain - Tercera Division,Manchego Ciudad Real,Marchamalo,1.885,3.27,3.92,2.1,1.6993
27/09/2026,1637172044,2026-09-27 10:00:00+00:00,Spain - Tercera Division,Pobla de Mafumet,CF Vilanova,2.34,2.93,3.09,2.34,1.565
29/09/2026,1637173068,2026-09-28 22:00:00+00:00,Paraguay - Division Profesional,Libertad Asuncion,Olimpia Asuncion,2.91,3.25,2.42,1.9524,1.8333
29/09/2026,1637175370,2026-09-28 22:30:00+00:00,Brazil - Serie B,America Mineiro,Juventude,3.68,3.29,2.08,2.22,1.6623
28/09/2026,1637175386,2026-09-28 19:30:00+00:00,Paraguay - Division Profesional,Sportivo San Lorenzo,Deportivo Recoleta,2.93,3.29,2.38,1.9009,1.9009
28/09/2026,1637175518,2026-09-27 22:00:00+00:00,Colombia - Primera B,Barranquilla FC,Real Cundinamarca,2.84,2.98,2.56,2.04,1.7519
28/09/2026,1637178767,2026-09-28 16:00:00+00:00,UEFA - Nations League B,Georgia,Ukraine,2.72,3.18,2.72,2.12,1.7353
27/09/2026,1637181730,2026-09-27 12:00:00+00:00,Denmark - Denmark Series,Skjold,Ledoje Smorum Fodbold,3.38,3.9,1.7407,,
28/09/2026,1637183994,2026-09-27 21:00:00+00:00,Uruguay - Primera Division,Defensor Sporting,Danubio,2.3,3.34,3.13,2.19,1.6803
27/09/2026,1637185174,2026-09-27 15:30:00+00:00,Spain - Segunda Federacion,Numancia,Guadalajara,1.7576,3.33,4.47,2.23,1.6211
27/09/2026,1637185180,2026-09-27 14:00:00+00:00,Uruguay - Primera Division,Central Espanol,Liverpool Montevideo,4.4,3.45,1.8772,2.22,1.6757
29/09/2026,1637185202,2026-09-29 13:00:00+00:00,CAF - Africa Cup of Nations Qualifiers,South Sudan,Egypt,14.35,6.22,1.1799,1.6329,2.21
27/09/2026,1637185203,2026-09-27 13:00:00+00:00,Turkey - 2nd League,Gebzespor,Elazigspor,4.73,3.86,1.5747,1.6494,2.14
29/09/2026,1637190741,2026-09-28 23:00:00+00:00,Uruguay - Primera Division,Montevideo Wanderers,Albion,2.28,3.05,3.37,2.08,1.7246
29/09/2026,1637190759,2026-09-29 13:00:00+00:00,CAF - Africa Cup of Nations Qualifiers,Ethiopia,Senegal,11.3,5.33,1.2421,1.6849,2.12
27/09/2026,1637193328,2026-09-27 12:30:00+00:00,Turkey - 2nd League,Serik Belediyespor,Fethiyespor,1.6024,3.8,4.57,1.6623,2.11
29/09/2026,1637193332,2026-09-29 13:00:00+00:00,CAF - Africa Cup of Nations Qualifiers,Lesotho,Morocco,32.02,14.14,1.042,,
27/09/2026,1637193333,2026-09-27 16:00:00+00:00,Finland - Ykkonen,KuPS Akatemia,Inter Turku 2,2.48,3.71,2.46,,
27/09/2026,1637193375,2026-09-27 10:00:00+00:00,Spain - Primera Federacion,UD Ourense,Cacereno,2.86,3.18,2.41,2.02,1.813
27/09/2026,1637193390,2026-09-27 16:15:00+00:00,Spain - Primera Federacion,Antequera,Real Jaen,2.08,3.08,3.51,2.19,1.641
27/09/2026,1637194855,2026-09-27 16:00:00+00:00,Turkey - 2nd League,Aliaga,Sanliurfaspor,2.45,3.29,2.55,1.8929,1.8621
27/09/2026,1637208894,2026-09-27 14:00:00+00:00,Argentina - Primera Division Women,Belgrano,San Lorenzo,2.82,2.79,2.65,2.64,1.4386
27/09/2026,1637209816,2026-09-27 14:00:00+00:00,Argentina - Primera Division Women,River Plate,Racing Club,3.4,2.96,2.17,2.42,1.5155
27/09/2026,1637209854,2026-09-27 13:00:00+00:00,Turkey - 2nd League,Karacabey Belediyespor,Ankaragucu,2.67,3.51,2.24,1.8,1.9615
27/09/2026,1637209855,2026-09-27 12:30:00+00:00,Turkey - 2nd League,Hatayspor,Arnavutkoy Belediyespor,1.641,4.3,3.79,1.7937,1.9709
27/09/2026,1637209857,2026-09-27 12:30:00+00:00,Turkey - 2nd League,12 Bingol Spor,1461 Trabzon,1.8,3.46,3.83,1.7463,1.9901
27/09/2026,1637209879,2026-09-27 13:00:00+00:00,England - National League Cup Women,Billericay Town,Chatham Town,11.71,7.92,1.1,,
27/09/2026,1637209880,2026-09-27 13:00:00+00:00,England - National League Cup Women,MK Dons,Abingdon United,1.3165,6.43,4.58,,
30/09/2026,1637209891,2026-09-29 22:30:00+00:00,Brazil - Serie B,Botafogo SP,Ponte Preta,1.2268,5.67,12.97,1.6173,2.27
27/09/2026,1637215386,2026-09-27 13:00:00+00:00,Turkey - 2nd League,Corluspor 1947,Isparta 32 Spor,1.4525,4.56,4.87,1.6849,2.07
27/09/2026,1637215387,2026-09-27 12:00:00+00:00,Turkey - 2nd League,Sebat Genclikspor,Menemen,1.4367,4.35,5.55,1.4587,2.52
27/09/2026,1637215567,2026-09-27 13:00:00+00:00,England - National League Cup Women,Keynsham Town,Exeter City,15.4,9.98,1.054,,
27/09/2026,1637215592,2026-09-27 18:00:00+00:00,Uruguay - Primera Division,Juventud,CA Cerro,1.7634,3.56,4.93,2.24,1.6667
27/09/2026,1637221003,2026-09-27 13:00:00+00:00,England - National League Cup Women,Dartford,AFC Wimbledon,7.35,5.71,1.2179,1.346,2.79
27/09/2026,1637221005,2026-09-27 13:00:00+00:00,England - National League Cup Women,Thornaby FC,York City,2.51,3.33,2.35,1.4785,2.39
27/09/2026,1637221009,2026-09-27 13:00:00+00:00,England - National League Cup Women,Blackburn Rovers,Wythenshawe FC,11.14,7.98,1.103,,
27/09/2026,1637221031,2026-09-27 18:00:00+00:00,Argentina - Primera Division Women,San Luis FC,Lanus,1.7353,3.56,4.26,1.9009,1.885
27/09/2026,1637221105,2026-09-27 13:00:00+00:00,England - National League Cup Women,Luton Town,Cambridge United,1.6993,4.45,3.2,1.4785,2.39
27/09/2026,1637221106,2026-09-27 13:00:00+00:00,England - National League Cup Women,Middlesbrough,Chester Le Street Town,1.043,9.19,16.16,,
27/09/2026,1637221130,2026-09-27 18:00:00+00:00,Argentina - Primera Division Women,Union de Santa Fe,Boca Juniors,10.29,3.74,1.3817,1.813,1.9804
27/09/2026,1637240733,2026-09-27 11:00:00+00:00,Denmark - Division 2 Women,Odense Q II,Damso,1.3077,7.21,4.48,1.3472,2.82
27/09/2026,1637240828,2026-09-27 16:00:00+00:00,Turkey - 2nd League,Adana Demirspor,Erbaaspor,5.01,3.65,1.5814,1.6711,2.1
27/09/2026,1637241134,2026-09-27 19:00:00+00:00,CONCACAF - Nations League B,Guyana,Cayman Islands,1.071,9.72,20.75,,
27/09/2026,1637265128,2026-09-27 13:30:00+00:00,Turkey - 2nd League,24 Erzincanspor,Kirklarelispor,1.4785,3.94,5.68,1.8264,1.9346
27/09/2026,1637265133,2026-09-27 10:15:00+00:00,Spain - Tercera Division,Arenas Armilla,Huetor Vega,1.6897,3.33,4.69,2.2,1.6135
27/09/2026,1637268722,2026-09-27 09:00:00+00:00,Ukraine - Persha Liga,Metalist Kharkiv,Chernihiv,2.39,3.26,2.59,2.31,1.5291
27/09/2026,1637268723,2026-09-27 12:30:00+00:00,Ukraine - Persha Liga,Nyva Ternopil,Agrobiznes Volochisk,2.66,2.82,2.54,2.39,1.4785
27/09/2026,1637268790,2026-09-27 09:30:00+00:00,Spain - Tercera Division,Torrevieja,Soneja,2.55,3.01,2.73,2.12,1.6849
27/09/2026,1637269489,2026-09-27 16:00:00+00:00,Turkey - 2nd League,Mus Spor,68 Aksaray Belediyespor,1.4831,4.06,5.4,1.5714,2.25
27/09/2026,1637269494,2026-09-27 14:00:00+00:00,Iceland - Urvalsdeild Women,Grindavik/Njardvik,FH Hafnarfjordur,6.81,5.94,1.289,,
27/09/2026,1637281660,2026-09-27 16:00:00+00:00,Spain - Tercera Division,Toledo,La Solana,1.271,4.81,9.15,1.8,1.9615
27/09/2026,1637370542,2026-09-27 09:15:00+00:00,Spain - Tercera Division,Santurtzi,Lagun Onak,2.72,2.88,2.65,2.27,1.5988
27/09/2026,1637370557,2026-09-27 10:00:00+00:00,Spain - Tercera Division,Aviles Stadium,Sporting Gijon II,8.18,3.21,1.5236,1.8929,1.8929
27/09/2026,1637370561,2026-09-27 09:30:00+00:00,Spain - Tercera Division,Torrejon,Mostoles,2.1,3.15,3.35,1.9615,1.8333
27/09/2026,1637370563,2026-09-27 14:30:00+00:00,Spain - Tercera Division,Peralada,Atletic Lleida,2.63,3.14,2.47,2.23,1.5988
27/09/2026,1637370566,2026-09-27 16:00:00+00:00,Spain - Tercera Division,Ontinyent,Bunol,2.2,2.77,3.46,2.74,1.3937
27/09/2026,1637370567,2026-09-27 16:00:00+00:00,Spain - Tercera Division,Crevillente,Atletico Saguntino,2.58,3.04,2.57,2.3,1.5435
27/09/2026,1637370569,2026-09-27 17:00:00+00:00,Spain - Tercera Division,Marbelli,Torre Del Mar,1.9615,3.03,3.75,2.37,1.5155
27/09/2026,1637386839,2026-09-27 10:00:00+00:00,Spain - Tercera Division,El San Martin,Astur,2.22,3.08,3.15,2.07,1.7194
27/09/2026,1637386844,2026-09-27 09:30:00+00:00,Spain - Tercera Division,Siello,Mexico FC,3.05,3.13,2.25,2.1,1.6944
27/09/2026,1637386845,2026-09-27 09:00:00+00:00,Spain - Tercera Division,Rayo Vallecano II,Galapagar,1.8264,3.32,4.1,1.8475,1.9434
27/09/2026,1637386885,2026-09-27 10:00:00+00:00,Spain - Tercera Division,Pozuelo de Alarcon,San Sebastian Reyes II,2.12,3.02,3.45,2.22,1.625
27/09/2026,1637386904,2026-09-27 10:00:00+00:00,Spain - Tercera Division,Villanovense,Montijo,1.6135,3.57,5.23,2.02,1.7576
27/09/2026,1637386907,2026-09-27 10:00:00+00:00,Spain - Tercera Division,Illescas,Villarrubia,1.6757,3.39,4.99,2.25,1.6098
27/09/2026,1637387964,2026-09-27 10:00:00+00:00,Spain - Tercera Division,Gijon Industrial,Condal Club,2.81,2.85,2.6,2.17,1.6579
27/09/2026,1637387973,2026-09-27 17:00:00+00:00,Spain - Tercera Division,Motril,Alhaurino,1.5155,3.72,5.65,2.0,1.7692
27/09/2026,1637389572,2026-09-27 15:00:00+00:00,Spain - Tercera Division,Palencia,Santa Marta,2.56,3.01,2.61,2.18,1.625
27/09/2026,1637389609,2026-09-27 15:00:00+00:00,Spain - Tercera Division,Comillas,Pradejon,2.02,3.23,3.34,1.8475,1.9091
27/09/2026,1637389625,2026-09-27 10:00:00+00:00,Spain - Tercera Division,Real Zaragoza II,Robres,1.3745,4.3,7.6,1.8929,1.8929
27/09/2026,1637396159,2026-09-27 15:00:00+00:00,Spain - Tercera Division,RB Linense,Conil,1.7576,3.22,4.45,2.25,1.5882
27/09/2026,1637396160,2026-09-27 17:00:00+00:00,Spain - Tercera Division,Bollullos,San Roque,2.15,2.98,3.28,2.22,1.6061
27/09/2026,1637397502,2026-09-27 10:00:00+00:00,Spain - Tercera Division,Utrera,Recreativo Huelva II,1.885,3.23,3.96,2.12,1.6849
27/09/2026,1637398432,2026-09-27 16:00:00+00:00,Spain - Tercera Division,Celtiga,Estradense,3.6,3.21,1.9346,2.08,1.6849
27/09/2026,1637398437,2026-09-27 17:00:00+00:00,Spain - Tercera Division,Bala Azul,Alcantarilla,1.8547,3.14,4.03,2.22,1.6024
27/09/2026,1637398438,2026-09-27 10:00:00+00:00,Spain - Tercera Division,Los Garres,Cartagena II,2.7,2.95,2.62,2.23,1.625
27/09/2026,1637407079,2026-09-27 16:00:00+00:00,Spain - Tercera Division,Real Betis III,Xerez Deportivo,2.74,3.0,2.46,2.0,1.7407
27/09/2026,1637407089,2026-09-27 15:30:00+00:00,Spain - Tercera Division,Torrijos,Quintanar Del Rey,2.36,2.86,3.02,2.41,1.495
28/09/2026,1637165556,2026-09-28 15:00:00+00:00,Slovakia - 2. Liga,Zilina II,Humenne,1.9804,3.63,2.56,1.5882,2.05
27/09/2026,1637241187,2026-09-27 19:00:00+00:00,Chile - Tercera Division A,Imperial Unido,Chimbarongo,2.33,4.22,1.9804,1.5435,2.07
27/09/2026,1637155243,2026-09-27 20:00:00+00:00,Chile - Segunda Division,Deportes Colina,Real San Joaquin,1.7092,3.83,3.86,1.8065,1.9615
27/09/2026,1637220954,2026-09-27 08:15:00+00:00,Czech Republic - 4. Liga,Velke Mezirici,Bedrichov,1.3745,4.35,5.24,1.4505,2.37
27/09/2026,1637221048,2026-09-27 08:15:00+00:00,Czech Republic - 4. Liga,Brumov,Sokol Lanzhot,3.91,3.37,1.7813,1.6289,2.16
27/09/2026,1637241161,2026-09-27 08:15:00+00:00,Czech Republic - 4. Liga,Meteor Prague VIII,Hvezda Cheb,1.4329,4.26,5.54,1.4975,2.39
27/09/2026,1637137658,2026-09-27 08:30:00+00:00,Austria - Landesliga,Slovan HAC,Schwechat,2.9,4.04,1.9174,,
27/09/2026,1637137661,2026-09-27 08:30:00+00:00,Indonesia - Championship,RANS Nusantara,Deltras,1.9009,4.35,2.8,1.4545,2.5
27/09/2026,1637225826,2026-09-27 20:30:00+00:00,Jamaica - Premier League,Cavalier,Arnett Gardens,2.78,3.05,2.4,1.7576,1.9804
27/09/2026,1637241135,2026-09-27 20:30:00+00:00,Jamaica - Premier League,Molynes United,Tru-Juice,2.34,3.16,2.77,1.8,1.9615
27/09/2026,1637259141,2026-09-27 20:30:00+00:00,Jamaica - Premier League,Portmore United,Humble Lions,1.155,6.61,11.31,1.3922,2.71
27/09/2026,1637312112,2026-09-27 20:30:00+00:00,Jamaica - Premier League,Dunbeholden,Mount Pleasant,5.34,3.78,1.5291,1.9174,1.8403
27/09/2026,1637136187,2026-09-27 08:30:00+00:00,Slovakia - 3. Liga,Raca Bratislava,DAC 1904 II,1.5952,3.95,4.3,1.5291,2.31
27/09/2026,1637137659,2026-09-27 08:30:00+00:00,Austria - Bundesliga Women,Sudburgenland / Hartberg,SCR Altach,5.92,7.97,1.2151,,
27/09/2026,1637269511,2026-09-27 08:30:00+00:00,Slovakia - 3. Liga,Dukla Banska Bystrica II,Fomat Martin,2.63,3.54,2.23,1.4926,2.4
27/09/2026,1637401658,2026-09-27 20:30:00+00:00,Jamaica - Premier League,Tivoli Gardens,Chapelton,2.05,3.1,3.38,2.05,1.7042
27/09/2026,1637137674,2026-09-27 09:00:00+00:00,Japan - League Cup Women,Nagano Parceiro,Nojima Stella,3.96,3.43,1.7576,1.8621,1.8772
27/09/2026,1637165514,2026-09-27 09:00:00+00:00,Japan - League Cup Women,Cerezo Osaka,Tokyo Verdy Beleza,4.19,3.83,1.6329,1.5587,2.25
27/09/2026,1637215612,2026-09-27 09:00:00+00:00,India - IFA Shield,Calcutta Customs,Punjab,7.5,5.32,1.2994,1.4329,2.65
27/09/2026,1637240787,2026-09-27 09:00:00+00:00,Spain - Segunda Federacion Women,Getafe,Guiniguada Apolinario,2.2,3.55,2.66,1.7576,1.9615
27/09/2026,1637145947,2026-09-27 09:00:00+00:00,Austria - Landesliga,Dornbirner SV,Sparkasse FC BW Feldkirch,1.7353,4.39,3.24,1.5236,2.33
28/09/2026,1636867978,2026-09-28 16:00:00+00:00,UEFA - Nations League C,Latvia,Cyprus,2.62,3.11,2.84,2.31,1.6135
27/09/2026,1637154301,2026-09-27 18:00:00+00:00,Chile - Cup,Deportes Concepcion,Curico Unido,1.4255,4.06,6.96,2.09,1.7092
27/09/2026,1637155078,2026-09-27 20:30:00+00:00,Chile - Cup,Universidad de Chile,Everton Vina del Mar,1.7299,3.73,4.06,1.6667,2.15
27/09/2026,1637131528,2026-09-27 08:15:00+00:00,Czech Republic - 3. Liga,Sparta Prague II,Viktoria Plzen II,1.5952,4.26,4.34,1.4255,2.68
27/09/2026,1637165311,2026-09-27 10:00:00+00:00,Ireland - Leinster Senior League,Bangor GG,Finglas United,2.36,3.49,2.5,,
28/09/2026,1637268759,2026-09-27 22:05:00+00:00,Jamaica - Premier League,Racing United,Montego Bay United,3.11,3.07,2.19,2.01,1.7353
27/09/2026,1637373288,2026-09-27 10:00:00+00:00,Austria - Landesliga,ASV Salzburg,Union Woerle Henndorf,3.75,4.29,1.6329,,
27/09/2026,1637373301,2026-09-27 10:00:00+00:00,Spain - Primera Federacion Women,Levante,Sport Extremadura,1.6623,3.55,4.38,1.8475,1.8929
27/09/2026,1637413031,2026-09-27 10:00:00+00:00,Spain - Regional Leagues,Dubra,Negreira,4.75,3.95,1.5405,1.5848,2.19
27/09/2026,1637157201,2026-09-27 10:30:00+00:00,Spain - Segunda Federacion Women,Racing Santander,Real Oviedo,3.62,3.78,1.7092,1.7813,1.9346
27/09/2026,1637386842,2026-09-27 10:30:00+00:00,Italy - Serie B Women,Genoa,Vicenza,1.6536,3.63,4.05,1.6173,2.13
27/09/2026,1637244548,2026-09-27 10:00:00+00:00,Spain - Regional Leagues,Cabecense,UP Viso,1.7194,3.64,3.9,1.6897,2.06
27/09/2026,1637297125,2026-09-27 15:00:00+00:00,International - Friendlies U19,Germany,Ukraine,1.5128,4.19,5.2,1.565,2.3
27/09/2026,1637137711,2026-09-27 11:00:00+00:00,Bulgaria - Second League,Vihren Sandanski,Nesebar,1.277,5.37,6.35,1.5291,2.27
27/09/2026,1637143689,2026-09-27 10:00:00+00:00,Poland - Ekstraliga Women,Slask Wroclaw,Lech Poznan,2.1,3.38,2.93,1.6098,2.19
27/09/2026,1637146450,2026-09-27 11:00:00+00:00,Spain - Primera Federacion Women,Tenerife II,Real Madrid II,2.86,2.94,2.3,2.1,1.641
27/09/2026,1637165050,2026-09-27 10:00:00+00:00,Ireland - Munster Senior League,Rockmount,Ringmahon Rangers,4.59,3.87,1.5682,1.6061,2.19
27/09/2026,1637165060,2026-09-27 11:00:00+00:00,Sweden - Division 2,Haninge,Smedby AIS,1.5348,3.76,4.22,1.4255,2.44
27/09/2026,1637165061,2026-09-27 11:00:00+00:00,Sweden - Division 2,Franke,Kungsangens,2.09,3.5,2.77,1.6289,2.12
27/09/2026,1637165520,2026-09-27 10:00:00+00:00,Spain - Tercera Division,Varea,La Calzada,1.8403,3.87,3.44,1.9091,1.8772
27/09/2026,1637145980,2026-09-27 10:00:00+00:00,Poland - Ekstraliga Women,Rekord Bielsko-Biala,APLG Gdansk,2.46,3.34,2.46,1.7353,2.0
27/09/2026,1637165062,2026-09-27 11:00:00+00:00,Sweden - Division 2,Linero,Torns,1.8197,4.46,2.83,1.3802,2.69
27/09/2026,1637165324,2026-09-27 11:00:00+00:00,Sweden - Division 2,Lindo,Eker Orebro,1.5128,4.22,4.38,,
27/09/2026,1637165325,2026-09-27 11:00:00+00:00,Sweden - Division 2,Onsala,Qviding FIF,1.9804,3.55,2.95,1.3891,2.66
27/09/2026,1637165326,2026-09-27 11:00:00+00:00,Sweden - Division 2,Solvesborgs,Berga,2.07,3.92,2.59,1.4386,2.5
27/09/2026,1637165530,2026-09-27 11:00:00+00:00,Sweden - Division 2,Tord,Stenungsunds,1.9434,3.46,3.1,1.578,2.17
27/09/2026,1637165531,2026-09-27 11:00:00+00:00,Sweden - Division 2,Karlslunds,Forward,3.2,3.46,1.9091,1.4854,2.37
27/09/2026,1637165532,2026-09-27 11:00:00+00:00,Sweden - Division 2,Vastra Frolunda,Astorps,2.22,3.71,2.47,1.431,2.52
28/09/2026,1637155300,2026-09-27 23:15:00+00:00,Panama - Primera Division,Veraguas,Sporting San Miguelito,2.57,3.1,2.63,1.9804,1.813
27/09/2026,1637137706,2026-09-27 10:30:00+00:00,Norway - 1st Division Women,Fyllingsdalen,SF Grei,2.25,3.28,2.45,1.5618,2.09
27/09/2026,1637165515,2026-09-27 09:30:00+00:00,Spain - Tercera Division,Parla Escuela-Fair Play,Colonia Moscardo,3.41,3.21,2.05,1.9804,1.8065
29/09/2026,1637113372,2026-09-29 20:30:00+00:00,Colombia - Primera A,Deportivo Pereira,Independiente Santa Fe,4.63,3.43,1.7813,2.06,1.7407
27/09/2026,1637143721,2026-09-27 12:00:00+00:00,Indonesia - Championship,Bekasi City,PSMS Medan,5.21,4.18,1.4367,1.5,2.34
27/09/2026,1637297191,2026-09-27 12:00:00+00:00,Austria - Regionalliga West,Rothis,WSG Tirol II,2.39,4.32,2.11,1.4032,2.61
27/09/2026,1637143726,2026-09-27 12:00:00+00:00,Netherlands - Derde Divisie,ADO '20,Hoogeveen,1.813,3.67,3.31,1.3906,2.66
27/09/2026,1637145997,2026-09-27 10:45:00+00:00,Poland - Ekstraliga Women,Czarni Sosnowiec,UJ Krakow,1.1739,6.43,8.14,,
27/09/2026,1637146461,2026-09-27 12:00:00+00:00,Poland - 3rd Liga,KKS 1925 Kalisz,Kluczevia Stargard,2.37,3.18,2.58,1.641,2.09
27/09/2026,1637240793,2026-09-27 12:00:00+00:00,Sweden - Division 2,Bollstanas,Enskede,4.2,3.76,1.6061,1.5128,2.31
27/09/2026,1637143736,2026-09-27 12:30:00+00:00,Netherlands - Derde Divisie,UNA,VV Dongen,1.6897,3.7,3.78,1.463,2.43
27/09/2026,1637143711,2026-09-27 11:30:00+00:00,Norway - 3rd Division,Fauske Sprint,Tromso II,2.23,4.77,2.14,,
27/09/2026,1637146038,2026-09-27 12:30:00+00:00,Netherlands - Derde Divisie,Groene Ster,Gemert,2.54,3.79,2.11,1.3817,2.66
27/09/2026,1637165503,2026-09-27 12:30:00+00:00,Italy - Serie D,Venafro,Budoni,2.83,3.19,2.18,2.14,1.6173
27/09/2026,1637209821,2026-09-27 10:30:00+00:00,Spain - Tercera Division,Sevilla C,Egabrense,2.9,3.1,2.28,1.9346,1.8264
27/09/2026,1637221115,2026-09-27 10:30:00+00:00,Spain - Tercera Division,Zafra,Llerenense,2.49,2.91,2.78,2.17,1.6289
27/09/2026,1637165034,2026-09-27 13:00:00+00:00,Italy - Serie B Women,Cesena,Venezia,1.2481,5.22,7.17,1.3704,2.7
27/09/2026,1637173007,2026-09-27 13:00:00+00:00,Italy - Serie B Women,Bologna,San Marino Academy,1.1259,6.81,11.16,,
27/09/2026,1637277937,2026-09-27 13:00:00+00:00,Brazil - Copa Paulista,Noroeste,Sao Jose EC SP,2.3,2.84,2.96,2.19,1.5848
27/09/2026,1637143745,2026-09-27 13:00:00+00:00,Austria - Regionalliga West,Hohenems,Kufstein,1.3584,3.61,8.97,1.3937,2.64
27/09/2026,1637146493,2026-09-27 13:00:00+00:00,Belgium - 2nd Amateur Division,Tongeren,RC Hades,2.34,3.32,2.53,1.495,2.35
27/09/2026,1637146494,2026-09-27 13:00:00+00:00,Belgium - 2nd Amateur Division,Eendracht Aalst,Zulte Waregem II,1.8696,3.54,3.23,1.4367,2.51
27/09/2026,1637148468,2026-09-27 13:00:00+00:00,Belgium - 2nd Amateur Division,Ganshoren,Eupen II,1.6536,3.92,3.74,,
27/09/2026,1637148475,2026-09-27 13:00:00+00:00,Belgium - 2nd Amateur Division,RRC Stockay-Warfusee,RSD Jette,2.37,3.22,2.55,1.5988,2.17
27/09/2026,1637221027,2026-09-27 13:00:00+00:00,Czech Republic - 4. Liga,Sokol Tasovice,SK FS Trebic,1.6452,3.78,3.93,1.565,2.2
27/09/2026,1637240785,2026-09-27 13:00:00+00:00,Brazil - Carioca U20,Nova Iguacu,Madureira,2.79,3.07,2.27,1.8621,1.8475
27/09/2026,1637143746,2026-09-27 13:00:00+00:00,Italy - Serie D,Follonica Gavorrano,Sasso Marconi,1.7353,3.35,3.97,2.0,1.7092
27/09/2026,1637143748,2026-09-27 13:00:00+00:00,Italy - Serie D,Nissa,Vibonese,2.3,2.97,2.83,2.01,1.6993
27/09/2026,1637221125,2026-09-27 13:00:00+00:00,Czech Republic - 4. Liga,SC Pusta Polom,Novy Jicin,2.2,3.26,2.75,1.5155,2.3
27/09/2026,1637221132,2026-09-27 13:00:00+00:00,Czech Republic - 4. Liga,Strani,SK Krumvir,1.4651,4.46,4.53,,
27/09/2026,1637146496,2026-09-27 13:00:00+00:00,Italy - Serie D,Athletic Club Palermo,Milazzo,2.07,3.17,3.06,1.8403,1.8696
27/09/2026,1637146498,2026-09-27 13:00:00+00:00,Italy - Serie D,Campodarsego,Legnago Salus,2.14,3.06,3.02,1.8929,1.8197
27/09/2026,1637148470,2026-09-27 13:00:00+00:00,Italy - Serie D,Tau Altopascio,SSD Rondinella Marzocco,1.6135,3.57,4.43,1.8696,1.8403
27/09/2026,1637157190,2026-09-27 13:00:00+00:00,Italy - Serie D,Sambiase,Vigor Lamezia,1.8696,3.2,3.59,2.02,1.6897
27/09/2026,1637157199,2026-09-27 13:00:00+00:00,Italy - Serie D,Paganese,Gelbison,1.7692,3.36,3.79,1.9174,1.8
27/09/2026,1637159057,2026-09-27 13:00:00+00:00,Italy - Serie D,Varese,Lentigione,3.39,3.12,1.9615,2.07,1.6579
27/09/2026,1637164996,2026-09-27 13:00:00+00:00,Italy - Serie D,Mezzolara,Grassina,1.7813,3.28,3.86,2.01,1.6944
27/09/2026,1637165033,2026-09-27 13:00:00+00:00,Italy - Serie D,Vigor Senigallia,Forsempronese,2.2,3.02,2.96,2.08,1.6536
27/09/2026,1637165035,2026-09-27 13:00:00+00:00,Italy - Serie D,Gozzano,Sanremese,3.06,2.99,2.16,2.23,1.5682
27/09/2026,1637165250,2026-09-27 13:00:00+00:00,Italy - Serie D,Giulianova,Atletico Ascoli,3.11,2.2,2.67,2.26,1.5155
27/09/2026,1637165501,2026-09-27 13:00:00+00:00,Italy - Serie D,Trestina,Termoli,2.65,2.69,2.66,2.35,1.495
27/09/2026,1637171517,2026-09-27 13:00:00+00:00,Italy - Serie D,Reggina,Igea Virtus,1.3937,4.19,5.84,1.7042,2.0
27/09/2026,1637171518,2026-09-27 13:00:00+00:00,Italy - Serie D,Calvi Noale,Brian Lignano,2.15,3.01,3.07,2.14,1.6173
27/09/2026,1637215378,2026-09-27 13:00:00+00:00,Italy - Serie D,Valenzana,Borgosesia,1.8772,3.33,3.41,1.9709,1.7519
27/09/2026,1637215390,2026-09-27 13:00:00+00:00,Italy - Serie D,Chisola,Ligorna,3.4,3.22,1.9009,1.9901,1.7042
27/09/2026,1637215570,2026-09-27 13:00:00+00:00,Italy - Serie D,Virtus Ciserano Bergamo,Club Milano,2.98,2.17,3.03,2.44,1.4587
27/09/2026,1637221107,2026-09-27 13:00:00+00:00,Italy - Serie D,Obermais,Mestre,3.98,3.3,1.7463,2.02,1.6897
27/09/2026,1637225782,2026-09-27 13:00:00+00:00,Italy - Serie D,Atletico Lodigiani,Trastevere,2.74,3.34,2.17,1.6993,2.01
27/09/2026,1637240752,2026-09-27 13:00:00+00:00,Italy - Serie D,Unione La Rocca Altavilla,Virtus Bolzano,1.8333,3.14,3.45,1.9709,1.6849
27/09/2026,1637241162,2026-09-27 13:00:00+00:00,Italy - Serie D,Virtus Verona,Pavonese,1.6803,3.33,4.35,2.13,1.6211
27/09/2026,1637241163,2026-09-27 13:00:00+00:00,Italy - Serie D,Seravezza,Terranuova Traiana,1.6329,3.43,4.5,1.9804,1.7194
27/09/2026,1637146464,2026-09-27 12:00:00+00:00,Netherlands - Derde Divisie,UDI 19,Rijnvogels,2.7,3.41,2.17,1.4016,2.62
27/09/2026,1637155140,2026-09-27 13:00:00+00:00,Paraguay - Division Intermedia,Resistencia SC,Deportivo Santani,2.84,2.9,2.33,2.08,1.6494
27/09/2026,1637155642,2026-09-27 13:00:00+00:00,Paraguay - Division Intermedia,Deportivo Capiata,12 de Junio de Villa Hayes,3.53,3.12,1.9174,2.08,1.6536
27/09/2026,1637165294,2026-09-27 13:00:00+00:00,Poland - 3rd Liga,Moravia Morawica,JKS 1909 Jaroslaw,4.52,4.15,1.5051,1.3891,2.66
28/09/2026,1637268781,2026-09-28 01:00:00+00:00,Jamaica - Premier League,Waterhouse,Treasure Beach,1.4695,3.96,5.79,1.8065,1.9524
27/09/2026,1637269545,2026-09-27 13:00:00+00:00,Italy - Serie D,Imperia,Fezzanese,1.8547,3.28,3.54,2.11,1.6289
27/09/2026,1637272148,2026-09-27 13:00:00+00:00,Italy - Serie D,Pistoiese,Sant'Angelo,1.2469,5.02,8.05,1.6536,2.07
27/09/2026,1637148480,2026-09-27 13:00:00+00:00,Slovenia - 2. SNL,Krsko,Bilje,2.42,3.23,2.49,1.6849,2.03
27/09/2026,1637277943,2026-09-27 13:00:00+00:00,Portugal - Campeonato de Portugal Prio,Estrela da Calheta,Cinfaes,3.09,2.87,2.21,2.07,1.6579
30/09/2026,1637113405,2026-09-30 01:05:00+00:00,Colombia - Primera A,Independiente Medellin,Millonarios,2.31,3.24,3.13,1.9091,1.8772
27/09/2026,1637221021,2026-09-27 10:00:00+00:00,Spain - Tercera Division,Cultural Deportiva Leonesa B,Burgos Promesas,2.65,2.89,2.72,2.3,1.5882
27/09/2026,1637148493,2026-09-27 13:30:00+00:00,Austria - Bundesliga Women,Sturm Graz,Austria Vienna,4.65,3.75,1.5495,1.6452,2.09
27/09/2026,1637146522,2026-09-27 13:30:00+00:00,Bulgaria - Second League,Beroe,Yantra Gabrovo,1.8929,2.85,4.03,2.34,1.495
27/09/2026,1637225818,2026-09-27 13:30:00+00:00,Italy - Serie D,Monastir,Cynthialbalonga,2.01,3.23,3.13,1.8403,1.8696
27/09/2026,1637146523,2026-09-27 13:30:00+00:00,Slovakia - 3. Liga,Stropkov,Odeva Lipany,1.9259,3.44,3.17,1.625,2.13
27/09/2026,1637146524,2026-09-27 13:30:00+00:00,Slovakia - 3. Liga,Druzstevnik Velke Ludince,Belusa,3.55,3.66,1.7519,1.4902,2.36
27/09/2026,1637146525,2026-09-27 13:30:00+00:00,Slovakia - 3. Liga,Sokol Medzibrod,Rimavska Sobota,2.71,3.59,2.09,1.4739,2.4
27/09/2026,1637269522,2026-09-27 12:30:00+00:00,Turkey - 2nd League,Ankara Demirspor,Adana 01,1.9901,3.57,2.86,1.6803,2.02
27/09/2026,1637241179,2026-09-27 14:00:00+00:00,Argentina - Torneo Federal A,Circulo Deportivo,Sol de Mayo,1.1859,4.39,17.64,1.9615,1.7092
27/09/2026,1637148810,2026-09-27 14:00:00+00:00,Bulgaria - Second League,CSKA Sofia II,Sportist Svoge,1.4016,4.05,6.01,1.8475,1.8621
27/09/2026,1637165548,2026-09-27 14:00:00+00:00,Bulgaria - Second League,Chernomorets 1919 Burgas,Montana,1.5181,3.79,4.9,1.7042,2.0
27/09/2026,1637265109,2026-09-27 13:00:00+00:00,Czech Republic - 4. Liga,Pelhrimov,Kurim,2.82,4.01,1.9174,1.4651,2.42
27/09/2026,1637265112,2026-09-27 13:00:00+00:00,Czech Republic - 4. Liga,Hanacka Slavia Kromeriz II,Tatran Vsechovice,6.54,4.91,1.2976,,
27/09/2026,1637265114,2026-09-27 13:00:00+00:00,Czech Republic - 4. Liga,Bospor Bohumin,Vratimov,1.6452,4.4,3.43,,
27/09/2026,1637269474,2026-09-27 13:00:00+00:00,Czech Republic - 4. Liga,Humpolec,Chotebor,2.49,3.54,2.26,1.5747,2.18
27/09/2026,1637143750,2026-09-27 13:00:00+00:00,Norway - 3rd Division,Stromsgodset II,Floya,2.09,4.63,2.33,,
27/09/2026,1637146497,2026-09-27 14:00:00+00:00,Italy - Serie D,Castrumfavara,Avola 1949,2.35,3.0,2.73,2.03,1.6849
27/09/2026,1637215391,2026-09-27 14:00:00+00:00,Italy - Serie D,Turris,Fidelis Andria,1.6623,3.43,4.27,1.8929,1.8197
27/09/2026,1637269477,2026-09-27 13:00:00+00:00,Czech Republic - 4. Liga,Bilovec,Kravare,2.81,3.68,2.01,1.3891,2.66
27/09/2026,1637269551,2026-09-27 14:00:00+00:00,Portugal - Campeonato de Portugal Prio,Amora,JD Lajense,1.4132,3.79,6.43,1.9804,1.7463
27/09/2026,1637277944,2026-09-27 14:00:00+00:00,Portugal - Campeonato de Portugal Prio,O Elvas,Sertanense,1.813,3.14,3.91,2.17,1.5988
27/09/2026,1637148523,2026-09-27 14:00:00+00:00,Slovenia - 2. SNL,Slovan Ljublana,Brezice,2.31,3.29,2.58,1.6757,2.04
27/09/2026,1637148829,2026-09-27 14:00:00+00:00,Slovenia - 2. SNL,Jesenice,NK Vrhnika,2.38,3.28,2.51,1.6369,2.1
27/09/2026,1637148830,2026-09-27 14:00:00+00:00,Slovenia - 2. SNL,Beltinci,Krka,1.5376,3.89,4.56,1.641,2.1
27/09/2026,1637190774,2026-09-27 14:00:00+00:00,Sweden - Division 2,Sleipner,FOC Farsta,1.8547,3.84,3.07,1.4184,2.56
27/09/2026,1637281609,2026-09-27 13:00:00+00:00,South Africa - Diski Challenge U23,Orlando Pirates,Kaizer Chiefs,2.04,3.09,3.21,1.9804,1.7463
27/09/2026,1637417649,2026-09-27 10:00:00+00:00,Spain - Tercera Division,UD Almansa,Huracan de Balazote,1.7353,3.29,4.73,2.27,1.6024
27/09/2026,1637148539,2026-09-27 14:30:00+00:00,Austria - Regionalliga South,Treibach,Austria Klagenfurt,2.66,3.35,2.22,1.4132,2.58
27/09/2026,1637193338,2026-09-27 13:30:00+00:00,Czech Republic - 3. Liga,Artis Brno II,MFK Karvina II,1.2151,6.2,7.94,,
27/09/2026,1637221028,2026-09-27 14:30:00+00:00,Czech Republic - 4. Liga,SK Strakonice,Slavoj Cesky Krumlov,2.02,3.51,2.89,1.4167,2.57
27/09/2026,1637221029,2026-09-27 14:30:00+00:00,Czech Republic - 4. Liga,Sparta Kolin,FK Pencin Turnov,2.44,3.44,2.36,,
27/09/2026,1637268731,2026-09-27 13:30:00+00:00,Czech Republic - 4. Liga,Bridlicna,Sumperk,2.13,3.42,2.76,1.5263,2.28
27/09/2026,1637269470,2026-09-27 14:30:00+00:00,Czech Republic - 4. Liga,FC Milevsko,Spartak Sobeslav,4.15,3.93,1.5848,1.4184,2.56
27/09/2026,1637272154,2026-09-27 14:30:00+00:00,Czech Republic - 4. Liga,Svitavy,Trutnov,3.09,3.51,1.9346,1.4902,2.36
27/09/2026,1637148496,2026-09-27 13:30:00+00:00,Slovakia - 3. Liga,FTC Filakovo,Dolny Kubin,1.2571,5.17,6.95,,
27/09/2026,1637360064,2026-09-27 14:30:00+00:00,Czech Republic - 4. Liga,Dvur Kralove,Prepere,5.64,4.53,1.3704,,
27/09/2026,1637145948,2026-09-27 09:00:00+00:00,Poland - U19 League,Miedz Legnica,Korona Kielce,1.9009,3.96,3.0,1.6024,2.21
27/09/2026,1637360379,2026-09-27 09:00:00+00:00,Finland - U21 League,Atlantis,EsPa,2.72,3.76,1.9615,,
27/09/2026,1637244555,2026-09-27 15:00:00+00:00,Spain - Segunda Federacion Women,Olympia Las Rozas,Cordoba,1.9615,3.15,3.35,1.9346,1.7813
27/09/2026,1637151309,2026-09-27 14:00:00+00:00,Austria - Landesliga,SV Eberau,SK Pama,2.17,3.24,2.81,1.7194,1.9804
27/09/2026,1637157204,2026-09-27 15:00:00+00:00,Morocco - Botola 2,USM Oujda,Mouloudia Oujda,2.39,2.68,3.0,2.85,1.3425
27/09/2026,1637146537,2026-09-27 13:45:00+00:00,Portugal - Nacional Championship Women,Braga,Sporting CP,3.6,3.37,1.885,1.9174,1.8333
27/09/2026,1637148818,2026-09-27 14:00:00+00:00,Slovenia - 3. SNL,NK Izola,Skofja Loka,1.216,4.96,6.58,,
27/09/2026,1637151312,2026-09-27 14:00:00+00:00,Norway - 3rd Division,Stabaek II,Flekkeroy,2.14,3.82,2.53,,
27/09/2026,1637225799,2026-09-27 14:00:00+00:00,Portugal - Nacional Championship Women,Benfica,Vitoria Guimaraes,1.079,9.3,16.73,1.361,2.83
27/09/2026,1637269537,2026-09-27 15:00:00+00:00,Portugal - Campeonato de Portugal Prio,SC Mineiro Aljustrelense,Alcochetense,3.79,3.28,1.7937,2.04,1.6757
27/09/2026,1637148822,2026-09-27 14:00:00+00:00,Slovenia - 3. SNL,Carda,Videm,2.41,3.63,2.3,,
27/09/2026,1637281592,2026-09-27 14:00:00+00:00,Slovenia - 3. SNL,NK Lesce,Vipava,1.7042,3.89,3.54,1.5128,2.31
30/09/2026,1636716456,2026-09-30 00:00:00+00:00,International - Friendlies,USA,Chile,1.4545,4.37,6.29,1.7353,2.05
27/09/2026,1637131533,2026-09-27 08:30:00+00:00,Indonesia - Championship,Persiku Kudus,PSIS Semarang,11.69,7.34,1.1259,1.4016,2.65
29/09/2026,1636868418,2026-09-29 16:00:00+00:00,UEFA - Nations League C,Moldova,Faroe Islands,2.83,2.81,2.9,2.69,1.4587
29/09/2026,1636868420,2026-09-29 16:00:00+00:00,UEFA - Nations League C,Finland,Belarus,1.6897,3.5,5.47,2.42,1.5556
28/09/2026,1637157135,2026-09-28 00:00:00+00:00,CONCACAF - Nations League B,Dominica,Puerto Rico,3.45,3.38,1.9524,2.0,1.7519
27/09/2026,1637359958,2026-09-27 10:00:00+00:00,Finland - U21 League,JaPS,PPJ,1.7634,4.19,3.26,,
28/09/2026,1637265054,2026-09-27 22:30:00+00:00,Argentina - Torneo Federal A,Sportivo y Biblioteca Atenas,San Martin Formosa,2.26,2.69,3.22,2.56,1.4184
27/09/2026,1637113324,2026-09-27 15:00:00+00:00,Greece - Super League 2,Niki Volou,Nestos Chrysoupoli,1.2488,4.44,9.59,2.1,1.6289
27/09/2026,1637154790,2026-09-27 16:00:00+00:00,Bulgaria - Second League,Ludogorets Razgrad II,Etar Veliko Tarnovo,2.26,3.23,2.68,1.6369,2.1
27/09/2026,1637154791,2026-09-27 16:00:00+00:00,Bulgaria - Second League,Hebar,Dobrudzha Dobrich,1.5435,4.21,4.04,1.6536,2.06
27/09/2026,1637157206,2026-09-27 16:00:00+00:00,Morocco - Botola 2,Chabab Ben Guerir,JS Soualem,2.42,2.58,3.1,3.05,1.3003
27/09/2026,1637165078,2026-09-27 16:00:00+00:00,Bulgaria - Second League,Fratria Varna,Spartak Pleven,1.2347,5.05,8.56,1.5682,2.19
27/09/2026,1637215538,2026-09-27 16:00:00+00:00,Italy - Serie D,Nardo,Martina,2.62,2.97,2.46,2.05,1.6711
27/09/2026,1637154299,2026-09-27 16:00:00+00:00,Poland - 3rd Liga,Ostrowiec Swietokrzyski,Hetman Zamosc,1.1842,5.68,9.16,1.4032,2.58
27/09/2026,1637154788,2026-09-27 16:00:00+00:00,Portugal - Campeonato de Portugal Prio,AD Limianos,Rebordosa,2.25,2.89,3.0,2.06,1.6623
27/09/2026,1637183989,2026-09-27 11:00:00+00:00,Sweden - Division 2,Lucksta,Taftea,2.66,3.64,2.11,,
27/09/2026,1637397501,2026-09-27 14:00:00+00:00,Spain - Tercera Division,Pontevedra II,Arenteiro,2.09,3.25,2.9,1.8475,1.8475
29/09/2026,1636868421,2026-09-29 18:45:00+00:00,UEFA - Nations League C,Slovakia,Kazakhstan,1.2841,5.17,10.99,1.9804,1.8403
28/09/2026,1637155295,2026-09-27 23:00:00+00:00,CONCACAF - Nations League A,Haiti,Costa Rica,2.49,3.36,2.74,1.9346,1.8475
28/09/2026,1637272166,2026-09-28 00:00:00+00:00,CONCACAF - Nations League A,Curacao,Nicaragua,1.3953,4.66,6.9,1.6803,2.15
27/09/2026,1637221129,2026-09-27 17:00:00+00:00,Costa Rica - Primera Division Women,Moravia,Carrillo FF,2.2,3.36,2.69,1.4785,2.39
27/09/2026,1637359936,2026-09-27 09:00:00+00:00,COSAFA - U20 Cup,Zambia,Namibia,1.4132,4.07,6.27,1.8065,1.9346
28/09/2026,1637155315,2026-09-28 01:00:00+00:00,CONCACAF - Nations League A,Trinidad and Tobago,Dominican Republic,2.23,3.79,2.82,1.7634,2.03
27/09/2026,1637241188,2026-09-27 17:00:00+00:00,Chile - Primera Division Women,Huachipato,Universidad de Chile,8.45,5.47,1.2049,1.4545,2.43
27/09/2026,1637158363,2026-09-27 16:00:00+00:00,Morocco - Botola 2,Massira,Stade Marocain,2.24,2.61,3.38,3.07,1.2959
27/09/2026,1637165493,2026-09-27 12:00:00+00:00,Netherlands - Derde Divisie,HVV Hollandia,USV Hercules,2.27,3.51,2.51,,
27/09/2026,1637175393,2026-09-27 18:00:00+00:00,Peru - Liga 2,Alianza Universidad,Bentin Tacna Heroica,1.9901,3.08,3.36,2.06,1.6667
27/09/2026,1637225835,2026-09-27 17:00:00+00:00,Guatemala - Primera Division de Ascenso,Mictlan,Sacachispas,1.8475,3.25,3.6,1.9709,1.7246
27/09/2026,1637240734,2026-09-27 15:00:00+00:00,Spain - Tercera Division,UCAM Murcia II,San Javier-Mar Menor CF,1.9524,3.15,3.65,2.06,1.6993
27/09/2026,1637240792,2026-09-27 17:00:00+00:00,Guatemala - Primera Division de Ascenso,Santa Lucia Cotzumalguapa,Huehuetecos,1.4831,3.75,5.38,1.8065,1.9091
27/09/2026,1637389552,2026-09-27 15:30:00+00:00,Spain - Tercera Division,Recreativo Granada,CD Cantoria 2017,1.4016,4.06,6.87,1.9346,1.8264
27/09/2026,1637248901,2026-09-27 16:00:00+00:00,FIFA - World Cup U20 Women,Spain,North Korea,2.91,3.13,2.49,2.42,1.5556
29/09/2026,1636867981,2026-09-29 18:45:00+00:00,UEFA - Nations League C,San Marino,Albania,33.89,17.09,1.047,1.3774,2.98
27/09/2026,1637158403,2026-09-27 16:00:00+00:00,Morocco - Botola Pro,Moghreb Tetouan,RS Berkane,6.9,4.24,1.3937,1.9901,1.7937
27/09/2026,1637178706,2026-09-27 18:00:00+00:00,Peru - League Cup,Sport Boys,Alianza Atletico,1.9091,3.14,3.53,2.0,1.7092
27/09/2026,1637269549,2026-09-27 18:00:00+00:00,Brazil - Copa Santa Catarina,Metropolitano,Figueirense,3.18,3.13,2.04,1.7692,1.9434
27/09/2026,1637413220,2026-09-27 18:00:00+00:00,Mexico - Liga TDP,Guerreros del Pacífico II,Irapuato Olimpo,2.31,3.08,2.72,1.8333,1.8772
27/09/2026,1637221055,2026-09-27 11:00:00+00:00,Greece - Super League U19,Iraklis,Asteras Tripolis,2.27,3.1,2.76,2.16,1.6024
27/09/2026,1637154253,2026-09-27 15:30:00+00:00,Chile - Cup,Antofagasta,Deportes Iquique,1.9804,3.24,3.61,2.1,1.6944
28/09/2026,1637155134,2026-09-27 23:00:00+00:00,Chile - Cup,Deportes Santa Cruz,O'Higgins,3.47,3.19,2.04,1.9709,1.8197
27/09/2026,1637240759,2026-09-27 13:00:00+00:00,Egypt - Cup,FC Masar,Ittihad El-Shorta,1.5,3.56,5.59,2.07,1.6579
27/09/2026,1637113382,2026-09-27 14:00:00+00:00,Portugal - Cup,AD Camacha,Florgrade,1.9174,2.91,3.83,2.32,1.5051
27/09/2026,1636866517,2026-09-27 16:00:00+00:00,UEFA - Nations League A,Denmark,Wales,1.4132,5.06,7.53,1.6452,2.32
27/09/2026,1636866900,2026-09-27 16:00:00+00:00,UEFA - Nations League A,Serbia,Netherlands,6.55,4.97,1.4608,1.5618,2.52
27/09/2026,1637281626,2026-09-27 18:00:00+00:00,Argentina - Primera C Metropolitana,CA Atlas,Club Sportivo Barracas,2.34,2.59,3.22,2.9,1.3311
27/09/2026,1637096714,2026-09-27 18:00:00+00:00,Brazil - Gaucho 2,EC Guarani,Uniao Frederiquense,2.92,2.75,2.39,2.55,1.4202
27/09/2026,1637098321,2026-09-27 18:00:00+00:00,Brazil - Carioca U20,Sampaio Correa RJ,Boavista RJ,1.9901,3.3,3.12,1.6667,2.06
28/09/2026,1637159038,2026-09-27 22:00:00+00:00,Argentina - Torneo Federal A,Sol de America de Formosa,Club Cipolletti,2.92,2.79,2.36,2.81,1.3484
27/09/2026,1637175547,2026-09-27 18:30:00+00:00,Argentina - Torneo Federal A,Defensores de Belgrano VR,Alvarado,2.77,2.48,2.78,3.06,1.2976
27/09/2026,1637295610,2026-09-27 18:00:00+00:00,Argentina - Primera C Metropolitana,Canuelas,CA Fenix,1.6098,3.43,4.69,2.7,1.3774
27/09/2026,1637354464,2026-09-27 18:00:00+00:00,Argentina - Primera C Metropolitana,AD Berazategui,Sacachispas,2.32,2.58,3.25,2.94,1.3205
27/09/2026,1637105507,2026-09-27 18:00:00+00:00,Brazil - Gaucho 2,Veranopolis,Passo Fundo,2.36,2.59,3.18,2.94,1.3215
27/09/2026,1637105509,2026-09-27 18:00:00+00:00,Brazil - Gaucho 2,Aimore,Esportvo Bento Goncalves,1.8264,2.99,4.09,2.51,1.4348
27/09/2026,1637105512,2026-09-27 18:00:00+00:00,Brazil - Gaucho 2,Gaucho,Santa Cruz RS,2.56,2.82,2.6,2.77,1.3534
27/09/2026,1637154861,2026-09-27 18:00:00+00:00,Costa Rica - Ascenso,Quepos Cambute,Municipal Grecia,1.6579,3.55,4.14,1.7143,1.9901
27/09/2026,1637215579,2026-09-27 18:00:00+00:00,Brazil - Gaucho 2,APAFUT,Lajeadense,1.4167,3.66,6.81,2.18,1.5952
27/09/2026,1637220990,2026-09-27 18:00:00+00:00,Brazil - Alagoano U20,CSE,CSA,3.54,3.41,1.8197,1.5952,2.18
27/09/2026,1637215537,2026-09-27 16:00:00+00:00,Turkey - 2nd League,Sakaryaspor,Belediye Kutahyaspor,1.6452,3.67,4.43,1.6494,2.14
27/09/2026,1637225783,2026-09-27 13:00:00+00:00,Italy - Serie D,Pavia,Arconatese,1.6494,3.35,4.5,2.11,1.6289
27/09/2026,1637240753,2026-09-27 13:00:00+00:00,Italy - Serie D,Prato,Ghivizzano Borgo A Mozzano,1.4237,3.99,5.75,1.8403,1.8696
27/09/2026,1637398431,2026-09-27 16:00:00+00:00,Spain - Tercera Division,Lalin,CD Barco,2.38,2.84,3.01,2.39,1.5076
27/09/2026,1636867941,2026-09-27 18:45:00+00:00,UEFA - Nations League A,Germany,Greece,1.4386,5.0,6.97,1.4808,2.72
27/09/2026,1636866902,2026-09-27 18:45:00+00:00,UEFA - Nations League A,Norway,Portugal,2.39,3.86,2.81,1.4785,2.73
27/09/2026,1636866935,2026-09-27 16:00:00+00:00,UEFA - Nations League B,Austria,Kosovo,1.6369,4.02,5.65,2.01,1.885
27/09/2026,1636866936,2026-09-27 18:45:00+00:00,UEFA - Nations League B,Israel,Ireland,2.8,3.21,2.74,2.11,1.7752
27/09/2026,1636867976,2026-09-27 13:00:00+00:00,UEFA - Nations League D,Lithuania,Azerbaijan,2.28,3.04,3.55,2.6,1.4975
27/09/2026,1636866934,2026-09-27 16:00:00+00:00,UEFA - Nations League D,Gibraltar,Andorra,3.72,2.66,2.47,3.74,1.2653
27/09/2026,1637158331,2026-09-27 18:30:00+00:00,Argentina - Torneo Federal A,Olimpo Bahia Blanca,Gimnasia Chivilcoy,1.5,2.94,6.9,,
27/09/2026,1637154835,2026-09-27 19:00:00+00:00,Bolivia - Cup,GV San Jose,Independiente Petrolero,1.9615,3.42,3.11,1.4762,2.39
27/09/2026,1637272150,2026-09-27 18:30:00+00:00,Brazil - Copa Parana,Parana,Paranavai,1.7519,3.14,4.24,2.26,1.5525
27/09/2026,1637143657,2026-09-27 10:00:00+00:00,Vietnam - V League 2,Binh Minh Sai Gon,Thai Nguyen,3.97,3.1,1.8621,2.12,1.6452
27/09/2026,1637269548,2026-09-27 18:30:00+00:00,Uruguay - Primera Division Amateur,Mar de Fondo,Sud America,2.12,3.1,3.01,2.02,1.6897
27/09/2026,1637143749,2026-09-27 13:00:00+00:00,Greece - Super League Women,Odysseas Moschato,Panathinaikos,5.13,3.66,1.5208,1.9434,1.7752
27/09/2026,1637148476,2026-09-27 13:00:00+00:00,Greece - Super League Women,REA,NFC Volos,1.7092,3.49,3.94,1.7874,1.9259
27/09/2026,1637146501,2026-09-27 13:00:00+00:00,Greece - Super League Women,AEK Athens,Seirines Grevenon,1.1319,6.44,11.65,1.6494,2.06
27/09/2026,1637240751,2026-09-27 13:00:00+00:00,Finland - Kolmonen,Gilla FC,Lohjan Pallo,1.5464,4.32,4.01,,
27/09/2026,1637096712,2026-09-27 18:00:00+00:00,Brazil - Gaucho 2,Gloria,Gramadense,2.36,2.63,3.13,2.81,1.3497
27/09/2026,1637221118,2026-09-27 14:00:00+00:00,Austria - Landesliga,Freistadt Rust,Lackenbach,1.8264,3.75,3.2,1.3984,2.63
27/09/2026,1637098317,2026-09-27 18:00:00+00:00,Brazil - Gaucho 2,Pelotas,Brasil de Farroupilha,1.9901,2.8,3.78,2.63,1.3953
27/09/2026,1637105511,2026-09-27 18:00:00+00:00,Brazil - Gaucho 2,Bage,Brasil de Pelotas,3.66,2.63,2.12,3.02,1.3058
27/09/2026,1637146036,2026-09-27 12:30:00+00:00,Norway - 3rd Division,Kongsvinger II,Harstad,2.33,3.73,2.3,,
27/09/2026,1637155240,2026-09-27 19:00:00+00:00,Costa Rica - Ascenso,AD Sarchi,ADR Jicaral,3.37,3.2,1.9346,1.8772,1.8333
27/09/2026,1637155242,2026-09-27 19:00:00+00:00,Costa Rica - Ascenso,Guadalupe,Pitbulls,2.09,3.19,3.01,1.7813,1.9346
27/09/2026,1637215608,2026-09-27 13:00:00+00:00,Brazil - Paulista U20,Gremio Novorizontino,Portuguesa Santista,1.3802,4.2,6.07,1.6757,2.04
27/09/2026,1637148469,2026-09-27 14:00:00+00:00,Italy - Serie D,Virtus Francavilla,Gladiator,1.4464,3.95,5.49,1.6944,2.01
27/09/2026,1637154304,2026-09-27 18:00:00+00:00,Mexico - Liga Premier,Montaneses,Inter Playa Del Carmen,1.9709,3.23,3.25,1.813,1.9009
27/09/2026,1637244580,2026-09-27 14:00:00+00:00,Sweden - Division 2,IFK Skovde,IF Karlstad II,1.33,4.73,6.12,1.3861,2.67
27/09/2026,1637417818,2026-09-27 10:15:00+00:00,Spain - Tercera Division,Azuaga,Jerez,1.5051,3.8,5.6,1.8403,1.9174
27/09/2026,1637417819,2026-09-27 10:00:00+00:00,Spain - Tercera Division,Mollerusa,Cornella,3.74,3.34,1.9009,1.9259,1.8621
27/09/2026,1637417820,2026-09-27 10:00:00+00:00,Spain - Tercera Division,Atletico Mansilles,Mirandes II,2.03,3.13,3.56,2.33,1.5525
27/09/2026,1637417713,2026-09-27 10:30:00+00:00,Spain - Tercera Division,Lanzarote,San Bartolome,1.6849,3.55,4.34,1.8547,1.9009
27/09/2026,1637417822,2026-09-27 11:00:00+00:00,Spain - Tercera Division,Mensajero,CD Arcangel San Miguel,1.6803,3.49,4.44,1.9174,1.8403
27/09/2026,1637417826,2026-09-27 10:30:00+00:00,Spain - Tercera Division,Churriana de la Vega CF,San Pedro,2.36,2.88,3.0,2.32,1.5556
27/09/2026,1637225820,2026-09-27 14:00:00+00:00,Finland - Kolmonen,EPS/Reservi,LePa,1.5814,5.18,3.32,,
