date,home,away,market,selection,book,odds,fair_p,fair_odds,ev,stake,league,kickoff,FTHG,FTAG,PSCH,PSCD,PSCA,PC>2.5,PC<2.5,won,profit,profit_flat,close_odds,clv,ev_close
2026-09-23,Boreham Wood,Everton U21,1x2,X,SB,7.2,0.1602320976683387,6.240946817471493,0.1536711032120388,6.196415452098339,,,,,1.2469,5.08,12.17,,,,,,5.08,0.4173228346456692,0.1536711032120388
2026-09-23,Crystal Palace,Watford,1x2,1,SB,1.18,0.8916053471223319,1.1215724571723502,0.0520943096043515,20.0,,,,,1.1,8.42,17.7,,,,,,1.1,0.07272727272727253,0.052094309604351574
2026-09-23,Liverpool,Sunderland,1x2,1,SB,1.17,0.8826774076408336,1.1329167273837213,0.0327325669397753,20.0,,,,,1.11,7.85,17.68,,,,,,1.11,0.054054054054053946,0.03273256693977533
2026-09-23,Liverpool Montevideo,Colon,1x2,1,SB,1.53,0.6884042465691357,1.4526348507926743,0.0532584972507776,20.0,,,,,1.3831,4.06,6.68,1.9709,1.7634,,,,1.3831,0.10621068613983087,0.05325849725077769
2026-09-24,Ironi Modiin,FC Ashdod,1x2,2,SB,1.67,0.6247717600876356,1.6005845076284049,0.0433688393463513,16.18240274117589,Israel - Ligat Leumit,19:00,,,6.08,4.37,1.3745,1.6024,2.18,,,,1.3745,0.2149872680974898,0.15708094701607012
2026-09-27,Real Salt Lake,New England Revolution,1x2,2,SB,3.05,0.3366174773569479,2.970731073893717,0.0266833059386912,3.2540616998404004,USA - Major League Soccer,04:30,,,2.24,3.83,3.08,1.5747,2.49,,,,3.08,-0.009740259740259827,-0.04306242597609389
2026-09-27,Seattle Sounders,Minnesota United,1x2,1,SB,2.17,0.477262582302948,2.095282632832168,0.0356598035973971,7.6196161532899955,USA - Major League Soccer,03:30,,,2.09,3.81,3.42,1.565,2.52,,,,2.09,0.038277511961722466,0.01414513144543883
2026-09-24,Holon Yermiyahu,Kfar Saba 1928,1x2,2,SB,2.05,0.5003559013526261,1.9985774071949027,0.0257295977728833,6.12609470782936,Israel - Liga Alef,19:30,,,3.15,3.48,1.9174,2.0,1.7092,,,,1.9174,0.06915614895170541,-0.015567124971988866
2026-09-24,Kontu,LPS,1x2,1,SB,3.15,0.3359493790316998,2.976638929597905,0.0582405439498545,6.772156273238903,Finland - Kolmonen,19:00,,,3.28,5.32,1.5814,,,,,,3.28,-0.03963414634146334,-0.18673504775831606
2026-09-24,Uzbekistan,Iran,1x2,X,SB,3.1,0.3475322821000424,2.8774305338119204,0.0773500745101316,9.2083422035871,International - Friendlies,17:00,,,3.15,2.8,2.67,2.49,1.5376,,,,2.8,0.1071428571428572,0.056187887413978066
2026-09-25,Allerheiligen,Deutschlandsberger,1x2,2,SB,1.8,0.59584977875627,1.6782753567305528,0.0725296017612859,20.0,Austria - Regionalliga South,20:00,,,3.9,4.01,1.6098,,,,,,1.6098,0.11815132314573251,0.046999401009560904
2026-09-25,Swit Nowy Dwor Mazowiecki,Lomza,ou25,Over 2.5,SB,1.54,0.6689686808048232,1.4948382916774512,0.0302117684394276,13.986929833068348,Poland - 3rd Liga,17:00,,,1.4484,4.7,4.46,1.4082,2.59,,,,1.4082,0.09359465984945325,0.03280793209734578
2026-09-25,Wisla Plock II,Jagiellonia Bialystok II,1x2,2,SB,3.35,0.3544326494884732,2.8214105033586128,0.1873493757863853,19.9307846581261,Poland - 3rd Liga,17:00,,,2.15,3.79,2.53,,,,,,2.53,0.324110671936759,0.18135860878298682
2026-09-25,Wislanie Skawina,Wisloka Debica,1x2,1,SB,2.0,0.5188193338034804,1.927453228600733,0.0376386676069608,9.409666901740222,Poland - 3rd Liga,20:00,,,1.7874,3.46,3.6,1.6289,2.12,,,,1.7874,0.11894371713102814,0.037638667606960885
2026-09-25,Zabkovia Zabki,Mlawianka Mlawa,1x2,1,SB,1.78,0.5756971625399147,1.7370243681384607,0.0247409493210482,7.92979144905391,Poland - 3rd Liga,17:00,,,1.625,4.31,3.58,,,,,,1.625,0.0953846153846154,0.0247409493210482
2026-09-26,Alingsas,Trelleborgs,1x2,1,SB,3.55,0.2932791058798604,3.4097212517063613,0.0411408258735044,4.033414301323964,Sweden - Elitettan Women,17:00,,,3.01,3.84,1.9259,1.6711,2.08,,,,3.01,0.1794019933554818,0.042309724050587416
2026-09-26,Arka Gdynia,Talent Warszawa,1x2,1,SB,2.1,0.5567149773032387,1.7962512969276685,0.1691014523368013,20.0,Poland - U19 League,16:00,,,1.6757,3.85,3.7,1.4132,2.57,,,,1.6757,0.25320761472817344,0.1691014523368013
2026-09-26,Arka Gdynia,Talent Warszawa,ou25,Over 2.5,SB,1.58,0.667790777405141,1.4974750083937014,0.0551094283001227,20.0,Poland - U19 League,16:00,,,1.6757,3.85,3.7,1.4132,2.57,,,,1.4132,0.11803000283045573,0.055109428300122776
2026-09-26,Baltyk Koszalin,Gedania Gdansk,1x2,2,SB,2.55,0.4213924924779681,2.3730845182351783,0.0745508558188186,12.02433158368042,Poland - 3rd Liga,16:00,,,2.65,3.52,2.16,1.4831,2.38,,,,2.16,0.18055555555555536,0.0745508558188186
2026-09-26,Bonnyrigg Rose,Motherwell B,1x2,2,SB,6.1,0.187285263517155,5.339448396634801,0.1424401074546459,6.982358208561077,Scotland - Challenge Cup,17:00,,,1.5102,5.32,4.13,1.3731,2.88,,,,4.13,0.4769975786924938,0.27163657005343
2026-09-26,Byasen,Orkla,1x2,2,SB,6.1,0.1804705379358133,5.541070644758996,0.1008702814084612,4.944621637669668,Norway - 3rd Division,15:00,,,1.3257,7.35,4.37,,,,,,4.37,0.3958810068649885,0.10087028140846122
2026-09-26,CK Troszyn,LKS Lodz II,1x2,1,SB,2.92,0.4217227771364315,2.371225966949587,0.2314305092383799,20.0,Poland - 3rd Liga,14:00,,,2.18,3.5,2.73,1.4762,2.44,,,,2.18,0.33944954128440363,0.23143050923837993
2026-09-26,Chivas Guadalajara,Queretaro,ou25,Under 2.5,SB,2.25,0.4621008301588163,2.164029871264929,0.0397268678573365,7.945373571467318,Mexico - U21 League,18:00,,,1.5556,3.71,4.68,1.7246,1.9709,,,,1.9709,0.14161043178243427,0.03972686785733659
2026-09-26,Enskede,KIF Orebro,1x2,2,SB,1.3,0.8129338905131072,1.2301123272998504,0.0568140576670392,20.0,Sweden - Elitettan Women,14:00,,,10.54,5.6,1.189,1.463,2.45,,,,1.189,0.09335576114381827,0.056814057667039286
2026-09-26,Entite Manageoise,RUS Binche,1x2,2,SB,2.65,0.4104909231145236,2.4361074598499908,0.0878009462534876,13.30317367477086,Belgium - 2nd Amateur Division,17:30,,,2.53,3.71,2.24,1.4878,2.41,,,,2.24,0.1830357142857142,0.0837213903306584
2026-09-26,Escola Varsovia,Zaglebie Lubin,1x2,1,SB,2.77,0.4027253956138029,2.4830815510799296,0.1155493458502339,16.320529074891795,Poland - U19 League,19:00,,,2.25,3.69,2.44,1.4202,2.55,,,,2.25,0.23111111111111104,0.11395740429912937
2026-09-26,Fittja,Nacka,1x2,1,SB,3.5,0.2967550055380167,3.369783091567404,0.0386425193830584,3.864251938305841,Sweden - Division 2,15:00,,,2.98,4.0,1.9009,1.5263,2.32,,,,2.98,0.17449664429530198,0.038642519383058405
2026-09-26,Flamengo,Fluminense,1x2,X,SB,2.87,0.3794810022286348,2.6351780303286607,0.0891104763961818,11.913165293607198,Brazil - Carioca U20,16:00,,,2.3,2.37,3.73,1.9804,1.7407,,,,2.37,0.21097046413502119,0.08911047639618186
2026-09-26,Flota Swinoujscie,Unia Swarzedz,1x2,2,SB,2.7,0.4300421701964342,2.3253533474245582,0.1611138595303725,20.0,Poland - 3rd Liga,17:00,,,2.75,3.56,2.14,1.5263,2.32,,,,2.14,0.26168224299065423,0.16094088780786286
2026-09-26,GVVV Veenendaal,RKAV Volendam,1x2,1,SB,1.92,0.533340139539458,1.8749760722369504,0.0240130679157593,6.525290194499811,Netherlands - Tweede Divisie,15:30,,,1.7752,4.22,3.42,1.3745,2.87,,,,1.7752,0.08156827399729605,0.0240130679157593
2026-09-26,Gloucester City,Stafford Rangers,1x2,1,SB,2.22,0.4615469352133373,2.16662688820104,0.0246341961736089,5.047991019182163,England - FA Trophy,17:00,,,2.0,3.69,2.93,1.5,2.38,,,,2.0,0.1100000000000001,0.027559549450711485
2026-09-26,Jiskra Domazlice,Dynamo Ceske Budejovice,1x2,1,SB,2.17,0.4720916543075242,2.118232743315119,0.0244388898473275,5.221985010112727,Czech Republic - 3. Liga,17:30,,,1.9524,4.12,2.97,1.3953,2.79,,,,1.9524,0.11145257119442742,0.04561204566033439
2026-09-26,Karkonosze Jelenia Gora,Goczalkowice Zdroj,1x2,1,SB,2.42,0.4464741363233897,2.239771396916217,0.080467409902603,14.166797518063916,Poland - 3rd Liga,18:00,,,2.07,3.34,3.04,1.641,2.13,,,,2.07,0.16908212560386482,0.07980084881807148
2026-09-26,Kumu,LAUTP,1x2,1,SB,3.25,0.3146688164797705,3.1779443898734345,0.0226736535592542,2.519294839917135,Finland - Kolmonen,15:00,,,2.82,4.58,1.8547,,,,,,2.82,0.15248226950354615,0.022673653559254214
2026-09-26,LKS Barycz Sulow,Zaglebie Lubin II,1x2,1,SB,2.57,0.4254772903652025,2.350301702687032,0.0934766362385703,14.884814687670444,Poland - 3rd Liga,19:00,,,2.14,3.51,2.68,1.495,2.35,,,,2.14,0.20093457943925208,0.09347663623857039
2026-09-26,Lokomotiv Oslo,Gamle Oslo,1x2,1,SB,4.4,0.2483364718828649,4.026794745121768,0.0926804762846056,6.814740903279825,Norway - 3rd Division,19:30,,,3.46,5.7,1.5102,,,,,,3.46,0.2716763005780347,0.05978159000564531
2026-09-26,MKS Mazovia Minsk Mazowiecki,Wigry Suwalki,1x2,1,SB,2.3,0.4804700117657529,2.0812953472890987,0.1050810270612314,20.0,Poland - 3rd Liga,17:00,,,1.9346,3.83,3.0,1.4975,2.39,,,,1.9346,0.1888762534890931,0.1045970088405428
2026-09-26,NTNUI,Nardo,1x2,2,SB,2.02,0.5489810634735038,1.82155645528612,0.1089417482164778,20.0,Norway - 3rd Division,15:00,,,3.34,4.38,1.7092,,,,,,1.7092,0.18183945705593252,0.10894174821647784
2026-09-26,Ninove,KRC Gent,1x2,2,SB,3.6,0.3311181389819245,3.0200701268576204,0.1920253003349283,18.46397118605081,Belgium - 2nd Amateur Division,20:30,,,1.9901,3.93,2.72,1.4292,2.53,,,,2.72,0.32352941176470584,0.16800350548964715
2026-09-26,Nova Cidade,Goytacaz,1x2,X,SB,2.95,0.3516889169333022,2.8434219898651225,0.0374823049532415,4.805423711954045,Brazil - Carioca B1,20:45,,,2.61,2.56,2.96,2.36,1.5102,,,,2.56,0.15234375,0.04226452759253485
2026-09-26,Olimpia Elblag,Lechia Tomaszow Mazowiecki,1x2,2,SB,3.05,0.3452665551571678,2.896312964760785,0.053062993229362,6.471096735288054,Poland - 3rd Liga,17:00,,,2.28,3.44,2.61,1.4464,2.53,,,,2.61,0.1685823754789273,0.05246811517753347
2026-09-26,Olimpia Elblag,Lechia Tomaszow Mazowiecki,ou25,Over 2.5,SB,1.59,0.6558513361529604,1.524735782144958,0.042803624483207,18.13712901830808,Poland - 3rd Liga,17:00,,,2.28,3.44,2.61,1.4464,2.53,,,,1.4464,0.09928097345132758,0.04143189563833971
2026-09-26,Persipura Jayapura,Persis Solo,1x2,2,SB,5.0,0.2143419038815273,4.66544330292376,0.0717095194076367,4.481844962977294,Indonesia - Championship,15:00,,,1.6369,4.02,3.95,1.8,1.9434,,,,3.95,0.26582278481012644,0.0717095194076367
2026-09-26,Queens University,Moyola Park,1x2,2,SB,4.3,0.2540103142659655,3.936848009065232,0.0922443513436515,6.988208435125114,Northern Ireland - Championship,17:00,,,1.6944,4.37,3.4,1.6369,2.14,,,,3.4,0.2647058823529411,0.0924945132917796
2026-09-26,ROW 1964 Rybnik,Stal Brzeg,1x2,1,SB,2.0,0.5307807146034837,1.884017208023549,0.0615614292069675,15.390357301741876,Poland - 3rd Liga,19:00,,,1.9709,3.67,2.89,1.5882,2.19,,,,1.9709,0.014764828251052853,-0.06826511377522959
2026-09-26,Spisska Nova Ves,Poprad,1x2,X,SB,3.85,0.2716945752992823,3.680603482415725,0.0460241149022369,4.037203061599729,Slovakia - 3. Liga,16:30,,,1.5208,3.15,7.36,1.7092,2.03,,,,3.15,0.22222222222222232,0.05138415578507316
2026-09-26,Star Starachowice,Siarka Tarnobrzeg,1x2,2,SB,2.5,0.4169777715374134,2.398209372919234,0.0424444288435337,7.074071473922287,Poland - 3rd Liga,16:00,,,2.64,3.48,2.18,1.6494,2.09,,,,2.18,0.14678899082568808,0.04244442884353372
2026-09-26,TiPS,Atlantis/PM,1x2,2,SB,4.3,0.2418883098477394,4.134139432490418,0.0401197323452797,3.0393736625211947,Finland - Kolmonen,18:15,,,1.625,6.31,2.85,,,,,,2.85,0.5087719298245612,0.30230182374251857
2026-09-26,Valerenga II,Baerum,1x2,2,SB,1.66,0.6475585140733822,1.544261990641789,0.0749471333618143,20.0,Norway - 3rd Division,15:00,,,3.76,6.07,1.4673,,,,,,1.4673,0.1313296531043413,0.07494713336181436
2026-09-26,Victoria Wrzesnia,Lipno Steszew,1x2,2,SB,3.3,0.3447818835347339,2.9003844104217795,0.1377802156646219,14.976110398328473,Poland - 3rd Liga,17:00,,,2.17,3.73,2.61,1.5814,2.2,,,,2.61,0.26436781609195403,0.13784312053923609
2026-09-26,Warta Gorzow Wielkopolski,Sleza Wroclaw,1x2,1,SB,1.85,0.5798958612357707,1.7244475548919735,0.072807343286176,20.0,Poland - 3rd Liga,15:00,,,1.625,3.8,4.26,1.5682,2.23,,,,1.625,0.1384615384615384,0.07280734328617622
2026-09-27,Alianza FC,Inca Aruba,1x2,1,SB,1.41,0.7954625540150159,1.2571302004759397,0.1216022011611723,20.0,El Salvador - Reserve League U20,19:00,,,1.2079,6.13,7.08,,,,,,1.2079,0.16731517509727611,0.12160220116117237
2026-09-27,Antoniano,Ciudad de Lucena,1x2,X,SB,3.0,0.3406843824573219,2.935268100014158,0.0220531473719658,2.7566434214957303,Spain - Segunda Federacion,20:00,,,2.38,2.69,3.33,2.36,1.5376,,,,2.69,0.11524163568773238,0.022053147371965842
2026-09-27,Bekasi City,PSMS Medan,1x2,1,SB,4.85,0.2104616150930529,4.751460258241687,0.0207388332013067,1.3466774806043351,Indonesia - Championship,15:00,,,4.0,4.28,1.5882,1.5464,2.27,,,,4.0,0.2124999999999999,0.02073883320130676
2026-09-27,Club Leon,FC Juarez,1x2,1,SB,2.12,0.5247658139157454,1.9056119386629036,0.1125035255013802,20.0,Mexico - U19 League,20:30,,,2.16,3.05,3.0,1.9804,1.7463,,,,2.16,-0.01851851851851849,-0.10591326795216827
2026-09-27,Club Leon,FC Juarez,ou25,Over 2.5,SB,1.97,0.5578182300720574,1.7926986715203317,0.098901913241953,20.0,Mexico - U19 League,20:30,,,2.16,3.05,3.0,1.9804,1.7463,,,,1.9804,-0.00525146435063617,-0.08435451218736933
2026-09-27,Eendracht Aalst,Zulte Waregem II,ou25,Over 2.5,SB,1.69,0.6622495270501669,1.510004853388514,0.119201700714782,20.0,Belgium - 2nd Amateur Division,16:00,,,1.7634,3.72,3.62,1.431,2.57,,,,1.431,0.18099231306778463,0.11920170071478209
2026-09-27,Ganshoren,Eupen II,1x2,1,SB,1.95,0.5310749904239999,1.8829732486585735,0.0355962313267996,9.36742929652623,Belgium - 2nd Amateur Division,16:00,,,1.7634,3.87,3.49,,,,,,1.7634,0.10581830554610394,0.03559623132679968
2026-09-27,Giulianova,Atletico Ascoli,1x2,X,SB,2.85,0.4048527428353691,2.470033901701004,0.1538303170808019,20.0,Italy - Serie D,16:00,,,3.22,2.25,2.75,2.31,1.5376,,,,2.25,0.2666666666666666,0.15383031708080197
2026-09-27,Guadalupe,Pitbulls,1x2,1,SB,1.97,0.5283440449786788,1.8927061060002195,0.0408377686079972,10.525198094844654,Costa Rica - Ascenso,22:00,,,1.7576,3.47,3.71,1.7194,1.9804,,,,1.7576,0.1208466090122895,0.04083776860799726
2026-09-27,Hohenems,Kufstein,1x2,X,SB,5.1,0.2180645927936941,4.585797204345214,0.1121294232478398,6.837159954136574,Austria - Regionalliga West,16:00,,,1.3484,3.76,9.76,1.3937,2.64,,,,3.76,0.3563829787234043,0.11212942324783981
2026-09-27,Necaxa,Club America,1x2,1,SB,3.2,0.3220915454296889,3.1047073858022003,0.0306929453750044,3.48783470170505,Mexico - U19 League,20:30,,,2.75,3.13,2.27,1.7692,1.9524,,,,2.75,0.1636363636363638,0.030692945375004443
2026-09-27,Necaxa,Club America,ou25,Under 2.5,SB,2.17,0.4724191264438742,2.11676442384431,0.025149504383207,5.373825722907493,Mexico - U19 League,20:30,,,2.75,3.13,2.27,1.7692,1.9524,,,,1.9524,0.11145257119442742,0.025149504383207066
2026-09-27,Ostrowiec Swietokrzyski,Hetman Zamosc,1x2,1,SB,1.34,0.8133899310084843,1.2294226445121426,0.0899425075513691,20.0,Poland - 3rd Liga,19:00,,,1.1842,5.68,9.16,1.4032,2.58,,,,1.1842,0.1315656139165684,0.08994250755136912
2026-09-27,Ostrowiec Swietokrzyski,Hetman Zamosc,ou25,Over 2.5,SB,1.54,0.6716392504274084,1.4888945209256814,0.0343244456582088,15.890947063985555,Poland - 3rd Liga,19:00,,,1.1842,5.68,9.16,1.4032,2.58,,,,1.4032,0.09749144811858601,0.0343244456582088
2026-09-27,Puente Genil,Marbella,1x2,X,SB,3.15,0.3242357436532506,3.0841756949210266,0.0213425925077392,2.481696803225499,Spain - Segunda Federacion,19:00,,,2.72,2.82,2.71,2.1,1.6944,,,,2.82,0.1170212765957448,0.02134259250773929
2026-09-27,Santa Lucia Cotzumalguapa,Huehuetecos,1x2,1,SB,1.61,0.6359801205326727,1.572376191825679,0.0239279940576031,9.806554941640634,Guatemala - Primera Division de Ascenso,20:00,,,1.4831,3.75,5.38,1.8065,1.9091,,,,1.4831,0.08556402130672236,0.023927994057603152
2026-09-27,Tongeren,RC Hades,1x2,1,SB,3.15,0.3858973936729818,2.5913624097897445,0.2155767900698928,20.0,Belgium - 2nd Amateur Division,16:00,,,2.36,3.37,2.55,1.5025,2.37,,,,2.36,0.3347457627118644,0.21557679006989283
2026-09-27,Tongeren,RC Hades,ou25,Over 2.5,SB,1.68,0.627527572366055,1.5935554771395304,0.0542463215749724,19.94350057903399,Belgium - 2nd Amateur Division,16:00,,,2.36,3.37,2.55,1.5025,2.37,,,,1.5025,0.11813643926788675,0.054246321574972445
2026-09-27,UCAM Murcia II,San Javier-Mar Menor CF,1x2,1,SB,2.15,0.4781076041258856,2.0915793670093983,0.027931348870654,6.072032363185668,Spain - Tercera Division,18:00,,,1.9524,3.15,3.65,2.06,1.6993,,,,1.9524,0.10120876869493967,0.02793134887065407
2026-09-27,Union Molinense,Mazarron,1x2,X,SB,3.0,0.3743046091935364,2.671620854882244,0.1229138275806092,15.364228447576153,Spain - Tercera Division,20:00,,,2.48,2.44,3.42,2.34,1.5464,,,,2.44,0.2295081967213115,0.1229138275806092
