date,home,away,market,selection,book,odds,fair_p,fair_odds,ev,stake,league,kickoff
2026-09-23,Boreham Wood,Everton U21,1x2,X,SB,7.2,0.1602320976683387,6.240946817471493,0.1536711032120388,6.196415452098339,,
2026-09-23,Crystal Palace,Watford,1x2,1,SB,1.18,0.8916053471223319,1.1215724571723502,0.0520943096043515,20.0,,
2026-09-23,Liverpool,Sunderland,1x2,1,SB,1.17,0.8826774076408336,1.1329167273837213,0.0327325669397753,20.0,,
2026-09-23,Liverpool Montevideo,Colon,1x2,1,SB,1.53,0.6884042465691357,1.4526348507926743,0.0532584972507776,20.0,,
2026-09-24,Ironi Modiin,FC Ashdod,1x2,2,SB,1.67,0.6247717600876356,1.6005845076284049,0.0433688393463513,16.18240274117589,Israel - Ligat Leumit,19:00
2026-09-27,Real Salt Lake,New England Revolution,1x2,2,SB,3.05,0.3366174773569479,2.970731073893717,0.0266833059386912,3.2540616998404004,USA - Major League Soccer,04:30
2026-09-27,Seattle Sounders,Minnesota United,1x2,1,SB,2.17,0.477262582302948,2.095282632832168,0.0356598035973971,7.6196161532899955,USA - Major League Soccer,03:30
2026-09-24,Holon Yermiyahu,Kfar Saba 1928,1x2,2,SB,2.05,0.5003559013526261,1.9985774071949027,0.0257295977728833,6.12609470782936,Israel - Liga Alef,19:30
2026-09-24,Kontu,LPS,1x2,1,SB,3.15,0.3359493790316998,2.976638929597905,0.0582405439498545,6.772156273238903,Finland - Kolmonen,19:00
2026-09-24,Uzbekistan,Iran,1x2,X,SB,3.1,0.3475322821000424,2.8774305338119204,0.0773500745101316,9.2083422035871,International - Friendlies,17:00
2026-09-25,Allerheiligen,Deutschlandsberger,1x2,2,SB,1.8,0.59584977875627,1.6782753567305528,0.0725296017612859,20.0,Austria - Regionalliga South,20:00
2026-09-25,Swit Nowy Dwor Mazowiecki,Lomza,ou25,Over 2.5,SB,1.54,0.6689686808048232,1.4948382916774512,0.0302117684394276,13.986929833068348,Poland - 3rd Liga,17:00
2026-09-25,Wisla Plock II,Jagiellonia Bialystok II,1x2,2,SB,3.35,0.3544326494884732,2.8214105033586128,0.1873493757863853,19.9307846581261,Poland - 3rd Liga,17:00
2026-09-25,Wislanie Skawina,Wisloka Debica,1x2,1,SB,2.0,0.5188193338034804,1.927453228600733,0.0376386676069608,9.409666901740222,Poland - 3rd Liga,20:00
2026-09-25,Zabkovia Zabki,Mlawianka Mlawa,1x2,1,SB,1.78,0.5756971625399147,1.7370243681384607,0.0247409493210482,7.92979144905391,Poland - 3rd Liga,17:00
2026-09-26,Alingsas,Trelleborgs,1x2,1,SB,3.55,0.2932791058798604,3.4097212517063613,0.0411408258735044,4.033414301323964,Sweden - Elitettan Women,17:00
2026-09-26,Arka Gdynia,Talent Warszawa,1x2,1,SB,2.1,0.5567149773032387,1.7962512969276685,0.1691014523368013,20.0,Poland - U19 League,16:00
2026-09-26,Arka Gdynia,Talent Warszawa,ou25,Over 2.5,SB,1.58,0.667790777405141,1.4974750083937014,0.0551094283001227,20.0,Poland - U19 League,16:00
2026-09-26,Baltyk Koszalin,Gedania Gdansk,1x2,2,SB,2.55,0.4213924924779681,2.3730845182351783,0.0745508558188186,12.02433158368042,Poland - 3rd Liga,16:00
2026-09-26,Bonnyrigg Rose,Motherwell B,1x2,2,SB,6.1,0.187285263517155,5.339448396634801,0.1424401074546459,6.982358208561077,Scotland - Challenge Cup,17:00
2026-09-26,Byasen,Orkla,1x2,2,SB,6.1,0.1804705379358133,5.541070644758996,0.1008702814084612,4.944621637669668,Norway - 3rd Division,15:00
2026-09-26,CK Troszyn,LKS Lodz II,1x2,1,SB,2.92,0.4217227771364315,2.371225966949587,0.2314305092383799,20.0,Poland - 3rd Liga,14:00
2026-09-26,Chivas Guadalajara,Queretaro,ou25,Under 2.5,SB,2.25,0.4621008301588163,2.164029871264929,0.0397268678573365,7.945373571467318,Mexico - U21 League,18:00
2026-09-26,Enskede,KIF Orebro,1x2,2,SB,1.3,0.8129338905131072,1.2301123272998504,0.0568140576670392,20.0,Sweden - Elitettan Women,14:00
2026-09-26,Entite Manageoise,RUS Binche,1x2,2,SB,2.65,0.4104909231145236,2.4361074598499908,0.0878009462534876,13.30317367477086,Belgium - 2nd Amateur Division,17:30
2026-09-26,Escola Varsovia,Zaglebie Lubin,1x2,1,SB,2.77,0.4027253956138029,2.4830815510799296,0.1155493458502339,16.320529074891795,Poland - U19 League,19:00
2026-09-26,Fittja,Nacka,1x2,1,SB,3.5,0.2967550055380167,3.369783091567404,0.0386425193830584,3.864251938305841,Sweden - Division 2,15:00
2026-09-26,Flamengo,Fluminense,1x2,X,SB,2.87,0.3794810022286348,2.6351780303286607,0.0891104763961818,11.913165293607198,Brazil - Carioca U20,16:00
2026-09-26,Flota Swinoujscie,Unia Swarzedz,1x2,2,SB,2.7,0.4300421701964342,2.3253533474245582,0.1611138595303725,20.0,Poland - 3rd Liga,17:00
2026-09-26,GVVV Veenendaal,RKAV Volendam,1x2,1,SB,1.92,0.533340139539458,1.8749760722369504,0.0240130679157593,6.525290194499811,Netherlands - Tweede Divisie,15:30
2026-09-26,Gloucester City,Stafford Rangers,1x2,1,SB,2.22,0.4615469352133373,2.16662688820104,0.0246341961736089,5.047991019182163,England - FA Trophy,17:00
2026-09-26,Jiskra Domazlice,Dynamo Ceske Budejovice,1x2,1,SB,2.17,0.4720916543075242,2.118232743315119,0.0244388898473275,5.221985010112727,Czech Republic - 3. Liga,17:30
2026-09-26,Karkonosze Jelenia Gora,Goczalkowice Zdroj,1x2,1,SB,2.42,0.4464741363233897,2.239771396916217,0.080467409902603,14.166797518063916,Poland - 3rd Liga,18:00
2026-09-26,Kumu,LAUTP,1x2,1,SB,3.25,0.3146688164797705,3.1779443898734345,0.0226736535592542,2.519294839917135,Finland - Kolmonen,15:00
2026-09-26,LKS Barycz Sulow,Zaglebie Lubin II,1x2,1,SB,2.57,0.4254772903652025,2.350301702687032,0.0934766362385703,14.884814687670444,Poland - 3rd Liga,19:00
2026-09-26,Lokomotiv Oslo,Gamle Oslo,1x2,1,SB,4.4,0.2483364718828649,4.026794745121768,0.0926804762846056,6.814740903279825,Norway - 3rd Division,19:30
2026-09-26,MKS Mazovia Minsk Mazowiecki,Wigry Suwalki,1x2,1,SB,2.3,0.4804700117657529,2.0812953472890987,0.1050810270612314,20.0,Poland - 3rd Liga,17:00
2026-09-26,NTNUI,Nardo,1x2,2,SB,2.02,0.5489810634735038,1.82155645528612,0.1089417482164778,20.0,Norway - 3rd Division,15:00
2026-09-26,Ninove,KRC Gent,1x2,2,SB,3.6,0.3311181389819245,3.0200701268576204,0.1920253003349283,18.46397118605081,Belgium - 2nd Amateur Division,20:30
2026-09-26,Nova Cidade,Goytacaz,1x2,X,SB,2.95,0.3516889169333022,2.8434219898651225,0.0374823049532415,4.805423711954045,Brazil - Carioca B1,20:45
2026-09-26,Olimpia Elblag,Lechia Tomaszow Mazowiecki,1x2,2,SB,3.05,0.3452665551571678,2.896312964760785,0.053062993229362,6.471096735288054,Poland - 3rd Liga,17:00
2026-09-26,Olimpia Elblag,Lechia Tomaszow Mazowiecki,ou25,Over 2.5,SB,1.59,0.6558513361529604,1.524735782144958,0.042803624483207,18.13712901830808,Poland - 3rd Liga,17:00
2026-09-26,Persipura Jayapura,Persis Solo,1x2,2,SB,5.0,0.2143419038815273,4.66544330292376,0.0717095194076367,4.481844962977294,Indonesia - Championship,15:00
2026-09-26,Queens University,Moyola Park,1x2,2,SB,4.3,0.2540103142659655,3.936848009065232,0.0922443513436515,6.988208435125114,Northern Ireland - Championship,17:00
2026-09-26,ROW 1964 Rybnik,Stal Brzeg,1x2,1,SB,2.0,0.5307807146034837,1.8840172080235495,0.0615614292069675,15.390357301741876,Poland - 3rd Liga,19:00
2026-09-26,Spisska Nova Ves,Poprad,1x2,X,SB,3.85,0.2716945752992823,3.680603482415725,0.0460241149022369,4.037203061599729,Slovakia - 3. Liga,16:30
2026-09-26,Star Starachowice,Siarka Tarnobrzeg,1x2,2,SB,2.5,0.4169777715374134,2.398209372919234,0.0424444288435337,7.074071473922287,Poland - 3rd Liga,16:00
2026-09-26,TiPS,Atlantis/PM,1x2,2,SB,4.3,0.2418883098477394,4.134139432490418,0.0401197323452797,3.0393736625211947,Finland - Kolmonen,18:15
2026-09-26,Valerenga II,Baerum,1x2,2,SB,1.66,0.6475585140733822,1.544261990641789,0.0749471333618143,20.0,Norway - 3rd Division,15:00
2026-09-26,Victoria Wrzesnia,Lipno Steszew,1x2,2,SB,3.3,0.3447818835347339,2.9003844104217795,0.1377802156646219,14.976110398328473,Poland - 3rd Liga,17:00
2026-09-26,Warta Gorzow Wielkopolski,Sleza Wroclaw,1x2,1,SB,1.85,0.5798958612357707,1.7244475548919735,0.072807343286176,20.0,Poland - 3rd Liga,15:00
2026-09-27,Alianza FC,Inca Aruba,1x2,1,SB,1.41,0.7954625540150159,1.2571302004759397,0.12160220116117237,20.0,El Salvador - Reserve League U20,19:00
2026-09-27,Antoniano,Ciudad de Lucena,1x2,X,SB,3.0,0.3406843824573219,2.935268100014158,0.022053147371965842,2.7566434214957303,Spain - Segunda Federacion,20:00
2026-09-27,Bekasi City,PSMS Medan,1x2,1,SB,4.85,0.21046161509305295,4.751460258241687,0.02073883320130676,1.3466774806043353,Indonesia - Championship,15:00
2026-09-27,Club Leon,FC Juarez,1x2,1,SB,2.12,0.5247658139157454,1.9056119386629033,0.11250352550138021,20.0,Mexico - U19 League,20:30
2026-09-27,Club Leon,FC Juarez,ou25,Over 2.5,SB,1.97,0.5578182300720574,1.7926986715203315,0.09890191324195308,20.0,Mexico - U19 League,20:30
2026-09-27,Eendracht Aalst,Zulte Waregem II,ou25,Over 2.5,SB,1.69,0.6622495270501669,1.510004853388514,0.11920170071478209,20.0,Belgium - 2nd Amateur Division,16:00
2026-09-27,Ganshoren,Eupen II,1x2,1,SB,1.95,0.5310749904239999,1.8829732486585737,0.03559623132679968,9.36742929652623,Belgium - 2nd Amateur Division,16:00
2026-09-27,Giulianova,Atletico Ascoli,1x2,X,SB,2.85,0.4048527428353691,2.470033901701004,0.15383031708080197,20.0,Italy - Serie D,16:00
2026-09-27,Guadalupe,Pitbulls,1x2,1,SB,1.97,0.5283440449786788,1.8927061060002195,0.04083776860799726,10.525198094844654,Costa Rica - Ascenso,22:00
2026-09-27,Hohenems,Kufstein,1x2,X,SB,5.1,0.2180645927936941,4.585797204345214,0.11212942324783981,6.837159954136574,Austria - Regionalliga West,16:00
2026-09-27,Necaxa,Club America,1x2,1,SB,3.2,0.3220915454296889,3.1047073858022003,0.030692945375004443,3.48783470170505,Mexico - U19 League,20:30
2026-09-27,Necaxa,Club America,ou25,Under 2.5,SB,2.17,0.47241912644387424,2.1167644238443106,0.025149504383207066,5.373825722907493,Mexico - U19 League,20:30
2026-09-27,Ostrowiec Swietokrzyski,Hetman Zamosc,1x2,1,SB,1.34,0.8133899310084843,1.2294226445121426,0.08994250755136912,20.0,Poland - 3rd Liga,19:00
2026-09-27,Ostrowiec Swietokrzyski,Hetman Zamosc,ou25,Over 2.5,SB,1.54,0.6716392504274084,1.4888945209256814,0.0343244456582088,15.890947063985555,Poland - 3rd Liga,19:00
2026-09-27,Puente Genil,Marbella,1x2,X,SB,3.15,0.3242357436532506,3.0841756949210266,0.02134259250773929,2.481696803225499,Spain - Segunda Federacion,19:00
2026-09-27,Santa Lucia Cotzumalguapa,Huehuetecos,1x2,1,SB,1.61,0.6359801205326727,1.5723761918256787,0.023927994057603152,9.806554941640634,Guatemala - Primera Division de Ascenso,20:00
2026-09-27,Tongeren,RC Hades,1x2,1,SB,3.15,0.38589739367298187,2.5913624097897445,0.21557679006989283,20.0,Belgium - 2nd Amateur Division,16:00
2026-09-27,Tongeren,RC Hades,ou25,Over 2.5,SB,1.68,0.627527572366055,1.5935554771395304,0.054246321574972445,19.94350057903399,Belgium - 2nd Amateur Division,16:00
2026-09-27,UCAM Murcia II,San Javier-Mar Menor CF,1x2,1,SB,2.15,0.47810760412588565,2.0915793670093983,0.02793134887065407,6.072032363185668,Spain - Tercera Division,18:00
2026-09-27,Union Molinense,Mazarron,1x2,X,SB,3.0,0.3743046091935364,2.671620854882244,0.1229138275806092,15.364228447576151,Spain - Tercera Division,20:00
